Fcapv3,CG,,aataaatttgaaatgagttgtgtctattttttaaagctgtaataaataaagtattttgtttgaaaaacatggccgccctttttctgcatagtcatgatgaccgaaatggatgccaggtgagtaaaccctctcgcctcagatataaatccctgttttggcacaaggtaggtctaagtcttgccaagagccctgtcagcgcaatcggtcgttgcctgagctcgtctttgacaacgctccaacttggcaacagcatcaatcaacacaaccgtttgcggttcagaccgaaagaggttgccaacaaaaaggtaaggcggtgattgttgccaaccaccatttctaatcttgttctaacaaagtaccgggaacggttctctataaaaagaagagaaagtctcaggtttcaagcagatggcgaagcagaactccttcgcggggatagccgagctgctcggagttcccgcagagtgtatccttgttcaatgttgcttttgtgggagatggatgaccgaaagggataaaatagactttgattttaaaaagttgggtttgattttacagaatagacagttattgggtgcctgtacagcctgctgtggagaaaaagctgctgcagacgttagagcaaatactacatgttgtctggagattgatggtgcttgcgcattgtcaggaaaatctgtttgtgctttgccagttcggtgcacagtgtgcttaaaagagcttactctcacagagaagttagactgctgcgctgccagggtacccttacagttagtcagaggtgtgtggcgcggaccctgtcgcttatgctttagaggatgaggggagacaaaccttcaatccaggatattgaactagacctacaggaattggtgctaccagctaatcttttggctgatgaaatcttagaaacggaagaggtggagcctcctccggagtcccaggcatataggattgtcacctgttgtggcatttgtgaaaggaaggtcaggctgtttgtgagtgccacaagcagtcagatcagagtccagcaagagctctttttggccgggctctccattatttgtgtcgcttgttgccgggacctaactcaacatggcggatcgcgataaaggtaccgattacgattgtgcttctgattctgttgacggggggtggtatttagtaagagaagcagaatgcagttcttttgatgaattagagcatctttttgaggtcagtaccgaaggttcagacatttctaatttactagacgatgactgtgtggtaaatgaaggagagcatcagcaggtgcttaatgagcaaattaatgcgtctgatgccctgcagatccaagctttaaaacgaaagtatttgactcctagcccacagtcaaaagtcccagatctcagtcctcgtctggcatcgattagtataagtcctagtaaaagcagcagcaagcgccggttgtttgaagacagtggcatagaaagtttacagcaaaatgaaactgaagatattgttgagggggcgcaggtaaattctggcaacgcagaacctgcgggccaagactctaatgttaatttcttaagaacctatagttctgctgcagctttgttcacagcgtttaaagatgtgtttgggattggtttaaaagaactcatgagaccatttaaaagtgaaaagacatgctcgcatgaatgggtagcctgtgtgtatggggcaagggaagaggtgatagaggggtcgaaaacattgctgcagcagcattgtgatttttttcagatgaatattaggacaggtgctttgggatttctagtgctgtatttgttgtcttgcaaaactggcaagagtaaggagacgttgaagaaaatgctgatgacagtgcttaatgtgtcagagagacagatttatgcggaccctcccagaaacaggagtctccctgttgcattgtttttttataagaaagggatggcgggagattgttttaaacacggggcatatccagattggttggctaagcaggtgcttgttactcatcaggcaaggtccgagacatttgaattgtctactatggtccaatgggcatatgacaataagtacacagatgaagcagagatagcttttcattatgcacgtttggcagaggaggatgcaaatgcagaggcttggttaaaaagcaactcccaagctaaatatgtccgagattgtgcgcaaatggtgaagctgtatcttagacaagaaatgaggcagactactatttctgaatggattgacaagtgctgccagtcagtgacagaggacggtgactggggggatattatgcgcttcttaaaatatcagcaagtcaatttcactcagtttttaactgccatgagaaatgctttagagggtaaacctaaaaaaaactgcttagtattttatgggcctccagatactggcaagtcatatttctgctttagtttggttagttttatgcaggggaaagtggtgaattttatgaatagcaaaagccatttttggctgatgcctttgacagagactaagatgggcatgttggatgatgccacccatgcatgctggtcctttattgatacttatatgcgcaatgctttagatggtaatcctgtttcagtagattgcaaacaccgtgtcccagttcaaatcaaattaccacccttgctgattacttccaacatagatatttttgctgaagatcgctacagatacctatacagtcgggtgcaggcatttaaatttcccaacccctttccctttacaccttttaataagccagtatattccttgactaatgctagctggaaatcttttttcataaggctccgcaaacaattaggcctacaggagcctgaggaggaccagcaggatggagaatctgagcgatcgctttgataacctgcaggagacactcttagacctctatgaaaaaggcagccaaaatctgtgtgatcaagttatctactgggagtgcaggagaaaggagagtgtgatgctgcactttgccagaaaacagggcattggtctcttgggaatgaccgctgtcccctctctggcctcaagtgaatctcaggctaagaaagcaattctgatgtgcttgatgcttcagtctttgcaagcaactccttttgcagatgaaaagtggtcaatgactgattgtagcatagaagtggtggaggctgctcctaaaggcatgctgaaaaaggggcctaagtcagtggaggtgtggtttgacaaggacccccagaactgctttccatatactttgtggtcatacatctattatcagagtgtggatggacagtggagaaaagcagagagtcaggtggactatgaagggattttttttgtggactctgatggtgaggtgcgctattattgcaaatttggggtggatgctgctcggttcgctacaactggtcagtggctagtcaagctgggatgtaaaacaatctatgcctctgtttctagttcctccccggaggaacagctcaggcaagcctccgactaccagcaacccaccagcagccgagagtccccgtgggaggacaggcagccaacatccaccacccctaccccccagcaacgggcacaaacccaagcccacagaggagggcgcagtcgggggagagggatccggaccccgtcgccgggacaaggaggacgaagaggaagaggaggagcctcggggtgcggtagggggtcgccgggtgtccttcccagacttgacctctgggacgttcactccccccgaggagacctcggaggaagaagaggcagagtccgacgaggaagaggaggaagagccgggccgccacgactctctcctttcatccctattgaacaagtggggcaaggacctggacgatctacaggagaaggtctgcgccgacctggagaagaccagagagactctgggtatccctccaagccgccccaaacacccgtagttgttgttaagggccctgggaatgctttaaagtgctggcgcaggcgggttaagcataatcaccctgatgcatttgctgctatatctactgttttttcatggatagaaaaggatgggcctaacagaatagggagacatagattgatgataggatttgcaaatgaacaacaattgtatgatttccttgacattgtgagattgccaaggggatgtgatgtatccaaggggtcattggactctttgtgaattgtgaattggtcacagctgttgcgttttagacacggactgttgatagtatatttttgtatggtttttatacttttatatccactttttgtactgttatttttttatatactgagactgagagaggcagttactattgcttatattgtttgtaattgttacagtgacagttgctttattgtgttgtgtccacaagctcacaccagccacgaggtcatttaccacctgagttccacagtctgtaatccaccagaccatctactttgcttttttctattcttttctgctgctttgcttgctttctctattaatccactaaccgagagatgccgccccggtccaaaaggactaaaagagattctgcagggaatctgtacaaacattgcctacttggaggagactgtattccagatgttgtcaataaatatgagaacaagactccagccgataaaattttgcaaattggtggaagcctcacttattttggggggctgggcatcggcaccggaaaaggcactggggggaccacggggtacagaccactcgggggggacactggtgtcagagtgggtggtgcacctagtgtcatacgccccaatgtacccattgatcctgtgggcccagtggatgtgctgcccattgacaccctttccaccaatacagaggtcccctccgtcatccccatggttgatgaggggtcagttcccccaataggggcggaggtcgagattgtgggtgaggctggagtcacggggggcggccctctcagtggacccactgtctcctctacaagtgaggaaactgctattcttgaggtagggtcctcatcctcctccactcctcgtcaacgagtttccagacagcaatacaataatccttccttcactcctctcactcacagcactcccacggtaggggaagcaacacttggggacagtattctagtctcccaggacagtactgggaccatcgtgggtggttttgggttcactgctgggccacgtgcaacagaggaaatagaactgcaaacatttactgggcccaggtcaagtaccccccgcacacaggagactggcctttatgagacagtgaaaggccttggcggccgaagatatgtacaagtacaggtcaaggagcctgaatttttatctaaaccggcctcgctggcacagtttgggtttgagaaccctgcatttgaaggggatggttccttcacattcccggtgtcagaggatgtagaggctgcccctcattctgcctttcaggatgtgcagaatttaggaagggcacgctataccagaggtccaggaggccgtctgcgggtcagcagagttggcacgaggggttccatgaggctgcgcagtggcacacatattgggcaaaggcttcacttttaccaggatctcagtactattgacccttatgcagggatagagctttcagtcttaggggagcagtcaggggacagtactatagttttagggtcctctgaaagcacattgattgatgtgccactaggagatgaagaggaagccctacttgtagatgagttagaagaggatttcagtaatgctcaactatctttcactagtgcacgtggcagatctgtaattgttgagcatccaaccagcaccccagaaataacaaaaccagtggtggggacagatattggtgaggggatatttgtgtcacacccggatgcagataagggtgttatgtgggctatacctaaagacacacaggacagaacacatgtacctacagatggtcaaccctctttgttatgggacccatctactggcacatttgacctgcatccgggactcctgagatggcgaaggaagaggcgaagacgccatgatctttaactttcttttgcaggacaatggcatattgggtccagcctcaaggaaagctgtatttgccaccacctaagccagtggcgaaggttatgagcactgatgaatatgtcactccaacgtccatttactatcatggtggcagtgaacgcctggtgactgttgggcatccctactaccccatcttgagcacagacgacaataaggttttggtacctaatgtgtctggtaatcagtatagggtgttcagagttatgtttccagaccctaataagtttgctttggcagaccctaacatttacaaccctgagacagaaagattggtatggcgtttgcagggactccaaataggccggggagggcctttgggggttggtaccactggaaatccattatataacaagttcaaggacactgaaaatcccaacacctacaacacttccacagcagatgaaaggcaaaatgtgtccatcgacccaaaacagacccagctctttattgtgggatgtgttccctgcacaggggagcattgggatgctgcaaagccttgtgctgatgctaactttcaaaagggggactgtccacccttggagctgaaaacaaccatcattgaggatggtcaaatgtgtgacataggttatggggctatgaatttcaaagctttgcaggaagacaaatcaggggtgcctttagaaatttcacagaaaacatgcaagtggcctgattttttraggatggaaaatgataaatatggggacgctatgtttttttatggcaagagggagcagctgtattgcagacattttttcacaagacaaggcacgaatggggaagagatcccaaaggatttatacttgcctggtggctcttctccaaaggataaaccttctttggttaattataatggcacacctagtgggtctttggtaaccagtgattcacagctattcaatagacccttttggttacaaaatgcccagggcaaaaacaatggggtattatgggggaatcaaatgttcctgacagttgttgacaacacaaggaactataattttaccataagtcagggcacgcaagaactgcagtcctttgatcctcaaaacaccaagcaatacttaaggcatacagaagaatatgaggtttcttgcattttgcagctttgcattgtaaagttagaaggagatgttttagcacacattaatgctatgaatcctgacattctagaggattggaatttagggtttgttcctgcaccacagacaggtattgaaactgcatacaggtacctcacttcaaaagctactcggtgtccggacagtgagccagagaagcgtaaggaagatccgtatgctggtatgaacttctggcaggtcaacctgcaggaacggttatctaatgaacttgatcagtttcctctgggcaggaaatttctgtatcaaactggccttaaacaaaggtccaccagggcaaaggtcacaaaaaggacagccacctcatctccgaagcccgcgaagaggaagcgcgccaattaa
Fcapv3,E1,1096..2892,atggcggatcgcgataaaggtaccgattacgattgtgcttctgattctgttgacggggggtggtatttagtaagagaagcagaatgcagttcttttgatgaattagagcatctttttgaggtcagtaccgaaggttcagacatttctaatttactagacgatgactgtgtggtaaatgaaggagagcatcagcaggtgcttaatgagcaaattaatgcgtctgatgccctgcagatccaagctttaaaacgaaagtatttgactcctagcccacagtcaaaagtcccagatctcagtcctcgtctggcatcgattagtataagtcctagtaaaagcagcagcaagcgccggttgtttgaagacagtggcatagaaagtttacagcaaaatgaaactgaagatattgttgagggggcgcaggtaaattctggcaacgcagaacctgcgggccaagactctaatgttaatttcttaagaacctatagttctgctgcagctttgttcacagcgtttaaagatgtgtttgggattggtttaaaagaactcatgagaccatttaaaagtgaaaagacatgctcgcatgaatgggtagcctgtgtgtatggggcaagggaagaggtgatagaggggtcgaaaacattgctgcagcagcattgtgatttttttcagatgaatattaggacaggtgctttgggatttctagtgctgtatttgttgtcttgcaaaactggcaagagtaaggagacgttgaagaaaatgctgatgacagtgcttaatgtgtcagagagacagatttatgcggaccctcccagaaacaggagtctccctgttgcattgtttttttataagaaagggatggcgggagattgttttaaacacggggcatatccagattggttggctaagcaggtgcttgttactcatcaggcaaggtccgagacatttgaattgtctactatggtccaatgggcatatgacaataagtacacagatgaagcagagatagcttttcattatgcacgtttggcagaggaggatgcaaatgcagaggcttggttaaaaagcaactcccaagctaaatatgtccgagattgtgcgcaaatggtgaagctgtatcttagacaagaaatgaggcagactactatttctgaatggattgacaagtgctgccagtcagtgacagaggacggtgactggggggatattatgcgcttcttaaaatatcagcaagtcaatttcactcagtttttaactgccatgagaaatgctttagagggtaaacctaaaaaaaactgcttagtattttatgggcctccagatactggcaagtcatatttctgctttagtttggttagttttatgcaggggaaagtggtgaattttatgaatagcaaaagccatttttggctgatgcctttgacagagactaagatgggcatgttggatgatgccacccatgcatgctggtcctttattgatacttatatgcgcaatgctttagatggtaatcctgtttcagtagattgcaaacaccgtgtcccagttcaaatcaaattaccacccttgctgattacttccaacatagatatttttgctgaagatcgctacagatacctatacagtcgggtgcaggcatttaaatttcccaacccctttccctttacaccttttaataagccagtatattccttgactaatgctagctggaaatcttttttcataaggctccgcaaacaattaggcctacaggagcctgaggaggaccagcaggatggagaatctgagcgatcgctttga,MADRDKGTDYDCASDSVDGGWYLVREAECSSFDELEHLFEVSTEGSDISNLLDDDCVVNEGEHQQVLNEQINASDALQIQALKRKYLTPSPQSKVPDLSPRLASISISPSKSSSKRRLFEDSGIESLQQNETEDIVEGAQVNSGNAEPAGQDSNVNFLRTYSSAAALFTAFKDVFGIGLKELMRPFKSEKTCSHEWVACVYGAREEVIEGSKTLLQQHCDFFQMNIRTGALGFLVLYLLSCKTGKSKETLKKMLMTVLNVSERQIYADPPRNRSLPVALFFYKKGMAGDCFKHGAYPDWLAKQVLVTHQARSETFELSTMVQWAYDNKYTDEAEIAFHYARLAEEDANAEAWLKSNSQAKYVRDCAQMVKLYLRQEMRQTTISEWIDKCCQSVTEDGDWGDIMRFLKYQQVNFTQFLTAMRNALEGKPKKNCLVFYGPPDTGKSYFCFSLVSFMQGKVVNFMNSKSHFWLMPLTETKMGMLDDATHACWSFIDTYMRNALDGNPVSVDCKHRVPVQIKLPPLLITSNIDIFAEDRYRYLYSRVQAFKFPNPFPFTPFNKPVYSLTNASWKSFFIRLRKQLGLQEPEEDQQDGESERSL*
Fcapv3,L2,4519..6060,atgccgccccggtccaaaaggactaaaagagattctgcagggaatctgtacaaacattgcctacttggaggagactgtattccagatgttgtcaataaatatgagaacaagactccagccgataaaattttgcaaattggtggaagcctcacttattttggggggctgggcatcggcaccggaaaaggcactggggggaccacggggtacagaccactcgggggggacactggtgtcagagtgggtggtgcacctagtgtcatacgccccaatgtacccattgatcctgtgggcccagtggatgtgctgcccattgacaccctttccaccaatacagaggtcccctccgtcatccccatggttgatgaggggtcagttcccccaataggggcggaggtcgagattgtgggtgaggctggagtcacggggggcggccctctcagtggacccactgtctcctctacaagtgaggaaactgctattcttgaggtagggtcctcatcctcctccactcctcgtcaacgagtttccagacagcaatacaataatccttccttcactcctctcactcacagcactcccacggtaggggaagcaacacttggggacagtattctagtctcccaggacagtactgggaccatcgtgggtggttttgggttcactgctgggccacgtgcaacagaggaaatagaactgcaaacatttactgggcccaggtcaagtaccccccgcacacaggagactggcctttatgagacagtgaaaggccttggcggccgaagatatgtacaagtacaggtcaaggagcctgaatttttatctaaaccggcctcgctggcacagtttgggtttgagaaccctgcatttgaaggggatggttccttcacattcccggtgtcagaggatgtagaggctgcccctcattctgcctttcaggatgtgcagaatttaggaagggcacgctataccagaggtccaggaggccgtctgcgggtcagcagagttggcacgaggggttccatgaggctgcgcagtggcacacatattgggcaaaggcttcacttttaccaggatctcagtactattgacccttatgcagggatagagctttcagtcttaggggagcagtcaggggacagtactatagttttagggtcctctgaaagcacattgattgatgtgccactaggagatgaagaggaagccctacttgtagatgagttagaagaggatttcagtaatgctcaactatctttcactagtgcacgtggcagatctgtaattgttgagcatccaaccagcaccccagaaataacaaaaccagtggtggggacagatattggtgaggggatatttgtgtcacacccggatgcagataagggtgttatgtgggctatacctaaagacacacaggacagaacacatgtacctacagatggtcaaccctctttgttatgggacccatctactggcacatttgacctgcatccgggactcctgagatggcgaaggaagaggcgaagacgccatgatctttaa,MPPRSKRTKRDSAGNLYKHCLLGGDCIPDVVNKYENKTPADKILQIGGSLTYFGGLGIGTGKGTGGTTGYRPLGGDTGVRVGGAPSVIRPNVPIDPVGPVDVLPIDTLSTNTEVPSVIPMVDEGSVPPIGAEVEIVGEAGVTGGGPLSGPTVSSTSEETAILEVGSSSSSTPRQRVSRQQYNNPSFTPLTHSTPTVGEATLGDSILVSQDSTGTIVGGFGFTAGPRATEEIELQTFTGPRSSTPRTQETGLYETVKGLGGRRYVQVQVKEPEFLSKPASLAQFGFENPAFEGDGSFTFPVSEDVEAAPHSAFQDVQNLGRARYTRGPGGRLRVSRVGTRGSMRLRSGTHIGQRLHFYQDLSTIDPYAGIELSVLGEQSGDSTIVLGSSESTLIDVPLGDEEEALLVDELEEDFSNAQLSFTSARGRSVIVEHPTSTPEITKPVVGTDIGEGIFVSHPDADKGVMWAIPKDTQDRTHVPTDGQPSLLWDPSTGTFDLHPGLLRWRRKRRRRHDL*
Fcapv3,E2,2867..4192,atggagaatctgagcgatcgctttgataacctgcaggagacactcttagacctctatgaaaaaggcagccaaaatctgtgtgatcaagttatctactgggagtgcaggagaaaggagagtgtgatgctgcactttgccagaaaacagggcattggtctcttgggaatgaccgctgtcccctctctggcctcaagtgaatctcaggctaagaaagcaattctgatgtgcttgatgcttcagtctttgcaagcaactccttttgcagatgaaaagtggtcaatgactgattgtagcatagaagtggtggaggctgctcctaaaggcatgctgaaaaaggggcctaagtcagtggaggtgtggtttgacaaggacccccagaactgctttccatatactttgtggtcatacatctattatcagagtgtggatggacagtggagaaaagcagagagtcaggtggactatgaagggattttttttgtggactctgatggtgaggtgcgctattattgcaaatttggggtggatgctgctcggttcgctacaactggtcagtggctagtcaagctgggatgtaaaacaatctatgcctctgtttctagttcctccccggaggaacagctcaggcaagcctccgactaccagcaacccaccagcagccgagagtccccgtgggaggacaggcagccaacatccaccacccctaccccccagcaacgggcacaaacccaagcccacagaggagggcgcagtcgggggagagggatccggaccccgtcgccgggacaaggaggacgaagaggaagaggaggagcctcggggtgcggtagggggtcgccgggtgtccttcccagacttgacctctgggacgttcactccccccgaggagacctcggaggaagaagaggcagagtccgacgaggaagaggaggaagagccgggccgccacgactctctcctttcatccctattgaacaagtggggcaaggacctggacgatctacaggagaaggtctgcgccgacctggagaagaccagagagactctgggtatccctccaagccgccccaaacacccgtagttgttgttaagggccctgggaatgctttaaagtgctggcgcaggcgggttaagcataatcaccctgatgcatttgctgctatatctactgttttttcatggatagaaaaggatgggcctaacagaatagggagacatagattgatgataggatttgcaaatgaacaacaattgtatgatttccttgacattgtgagattgccaaggggatgtgatgtatccaaggggtcattggactctttgtga,MENLSDRFDNLQETLLDLYEKGSQNLCDQVIYWECRRKESVMLHFARKQGIGLLGMTAVPSLASSESQAKKAILMCLMLQSLQATPFADEKWSMTDCSIEVVEAAPKGMLKKGPKSVEVWFDKDPQNCFPYTLWSYIYYQSVDGQWRKAESQVDYEGIFFVDSDGEVRYYCKFGVDAARFATTGQWLVKLGCKTIYASVSSSSPEEQLRQASDYQQPTSSRESPWEDRQPTSTTPTPQQRAQTQAHRGGRSRGRGIRTPSPGQGGRRGRGGASGCGRGSPGVLPRLDLWDVHSPRGDLGGRRGRVRRGRGGRAGPPRLSPFIPIEQVGQGPGRSTGEGLRRPGEDQRDSGYPSKPPQTPVVVVKGPGNALKCWRRRVKHNHPDAFAAISTVFSWIEKDGPNRIGRHRLMIGFANEQQLYDFLDIVRLPRGCDVSKGSLDSL*
Fcapv3,E7,819..1112,atgaggggagacaaaccttcaatccaggatattgaactagacctacaggaattggtgctaccagctaatcttttggctgatgaaatcttagaaacggaagaggtggagcctcctccggagtcccaggcatataggattgtcacctgttgtggcatttgtgaaaggaaggtcaggctgtttgtgagtgccacaagcagtcagatcagagtccagcaagagctctttttggccgggctctccattatttgtgtcgcttgttgccgggacctaactcaacatggcggatcgcgataa,MRGDKPSIQDIELDLQELVLPANLLADEILETEEVEPPPESQAYRIVTCCGICERKVRLFVSATSSQIRVQQELFLAGLSIICVACCRDLTQHGGSR*
Fcapv3,L1,6078..7583,atggcatattgggtccagcctcaaggaaagctgtatttgccaccacctaagccagtggcgaaggttatgagcactgatgaatatgtcactccaacgtccatttactatcatggtggcagtgaacgcctggtgactgttgggcatccctactaccccatcttgagcacagacgacaataaggttttggtacctaatgtgtctggtaatcagtatagggtgttcagagttatgtttccagaccctaataagtttgctttggcagaccctaacatttacaaccctgagacagaaagattggtatggcgtttgcagggactccaaataggccggggagggcctttgggggttggtaccactggaaatccattatataacaagttcaaggacactgaaaatcccaacacctacaacacttccacagcagatgaaaggcaaaatgtgtccatcgacccaaaacagacccagctctttattgtgggatgtgttccctgcacaggggagcattgggatgctgcaaagccttgtgctgatgctaactttcaaaagggggactgtccacccttggagctgaaaacaaccatcattgaggatggtcaaatgtgtgacataggttatggggctatgaatttcaaagctttgcaggaagacaaatcaggggtgcctttagaaatttcacagaaaacatgcaagtggcctgattttttraggatggaaaatgataaatatggggacgctatgtttttttatggcaagagggagcagctgtattgcagacattttttcacaagacaaggcacgaatggggaagagatcccaaaggatttatacttgcctggtggctcttctccaaaggataaaccttctttggttaattataatggcacacctagtgggtctttggtaaccagtgattcacagctattcaatagacccttttggttacaaaatgcccagggcaaaaacaatggggtattatgggggaatcaaatgttcctgacagttgttgacaacacaaggaactataattttaccataagtcagggcacgcaagaactgcagtcctttgatcctcaaaacaccaagcaatacttaaggcatacagaagaatatgaggtttcttgcattttgcagctttgcattgtaaagttagaaggagatgttttagcacacattaatgctatgaatcctgacattctagaggattggaatttagggtttgttcctgcaccacagacaggtattgaaactgcatacaggtacctcacttcaaaagctactcggtgtccggacagtgagccagagaagcgtaaggaagatccgtatgctggtatgaacttctggcaggtcaacctgcaggaacggttatctaatgaacttgatcagtttcctctgggcaggaaatttctgtatcaaactggccttaaacaaaggtccaccagggcaaaggtcacaaaaaggacagccacctcatctccgaagcccgcgaagaggaagcgcgccaattaa,MAYWVQPQGKLYLPPPKPVAKVMSTDEYVTPTSIYYHGGSERLVTVGHPYYPILSTDDNKVLVPNVSGNQYRVFRVMFPDPNKFALADPNIYNPETERLVWRLQGLQIGRGGPLGVGTTGNPLYNKFKDTENPNTYNTSTADERQNVSIDPKQTQLFIVGCVPCTGEHWDAAKPCADANFQKGDCPPLELKTTIIEDGQMCDIGYGAMNFKALQEDKSGVPLEISQKTCKWPDFLRMENDKYGDAMFFYGKREQLYCRHFFTRQGTNGEEIPKDLYLPGGSSPKDKPSLVNYNGTPSGSLVTSDSQLFNRPFWLQNAQGKNNGVLWGNQMFLTVVDNTRNYNFTISQGTQELQSFDPQNTKQYLRHTEEYEVSCILQLCIVKLEGDVLAHINAMNPDILEDWNLGFVPAPQTGIETAYRYLTSKATRCPDSEPEKRKEDPYAGMNFWQVNLQERLSNELDQFPLGRKFLYQTGLKQRSTRAKVTKRTATSSPKPAKRKRAN*
Fcapv3,E6,409..822,atggcgaagcagaactccttcgcggggatagccgagctgctcggagttcccgcagagtgtatccttgttcaatgttgcttttgtgggagatggatgaccgaaagggataaaatagactttgattttaaaaagttgggtttgattttacagaatagacagttattgggtgcctgtacagcctgctgtggagaaaaagctgctgcagacgttagagcaaatactacatgttgtctggagattgatggtgcttgcgcattgtcaggaaaatctgtttgtgctttgccagttcggtgcacagtgtgcttaaaagagcttactctcacagagaagttagactgctgcgctgccagggtacccttacagttagtcagaggtgtgtggcgcggaccctgtcgcttatgctttagaggatga,MAKQNSFAGIAELLGVPAECILVQCCFCGRWMTERDKIDFDFKKLGLILQNRQLLGACTACCGEKAAADVRANTTCCLEIDGACALSGKSVCALPVRCTVCLKELTLTEKLDCCAARVPLQLVRGVWRGPCRLCFRG*
Fcapv3,URR,1..408,aataaatttgaaatgagttgtgtctattttttaaagctgtaataaataaagtattttgtttgaaaaacatggccgccctttttctgcatagtcatgatgaccgaaatggatgccaggtgagtaaaccctctcgcctcagatataaatccctgttttggcacaaggtaggtctaagtcttgccaagagccctgtcagcgcaatcggtcgttgcctgagctcgtctttgacaacgctccaacttggcaacagcatcaatcaacacaaccgtttgcggttcagaccgaaagaggttgccaacaaaaaggtaaggcggtgattgttgccaaccaccatttctaatcttgttctaacaaagtaccgggaacggttctctataaaaagaagagaaagtctcaggtttcaagcag
Fcapv3,E1BS,314..334,tgattgttgccaaccaccat
Fcapv3,E2BS,358..370,accgggaacggt
Fcapv3,E2BS,265..277,accgtttgcggt
Fcapv3,E2BS,281..293,accgaaagaggt
Fcapv3,E8^E2,join(1484..1515+3469..4192),atgaaactgaagatattgttgagggggcgcagttcctccccggaggaacagctcaggcaagcctccgactaccagcaacccaccagcagccgagagtccccgtgggaggacaggcagccaacatccaccacccctaccccccagcaacgggcacaaacccaagcccacagaggagggcgcagtcgggggagagggatccggaccccgtcgccgggacaaggaggacgaagaggaagaggaggagcctcggggtgcggtagggggtcgccgggtgtccttcccagacttgacctctgggacgttcactccccccgaggagacctcggaggaagaagaggcagagtccgacgaggaagaggaggaagagccgggccgccacgactctctcctttcatccctattgaacaagtggggcaaggacctggacgatctacaggagaaggtctgcgccgacctggagaagaccagagagactctgggtatccctccaagccgccccaaacacccgtagttgttgttaagggccctgggaatgctttaaagtgctggcgcaggcgggttaagcataatcaccctgatgcatttgctgctatatctactgttttttcatggatagaaaaggatgggcctaacagaatagggagacatagattgatgataggatttgcaaatgaacaacaattgtatgatttccttgacattgtgagattgccaaggggatgtgatgtatccaaggggtcattggactctttgtga,MKLKILLRGRSSSPEEQLRQASDYQQPTSSRESPWEDRQPTSTTPTPQQRAQTQAHRGGRSRGRGIRTPSPGQGGRRGRGGASGCGRGSPGVLPRLDLWDVHSPRGDLGGRRGRVRRGRGGRAGPPRLSPFIPIEQVGQGPGRSTGEGLRRPGEDQRDSGYPSKPPQTPVVVVKGPGNALKCWRRRVKHNHPDAFAAISTVFSWIEKDGPNRIGRHRLMIGFANEQQLYDFLDIVRLPRGCDVSKGSLDSL*
Fcapv3,E1^E4,join(1096..1114+3469..3947),atggcggatcgcgataaagttcctccccggaggaacagctcaggcaagcctccgactaccagcaacccaccagcagccgagagtccccgtgggaggacaggcagccaacatccaccacccctaccccccagcaacgggcacaaacccaagcccacagaggagggcgcagtcgggggagagggatccggaccccgtcgccgggacaaggaggacgaagaggaagaggaggagcctcggggtgcggtagggggtcgccgggtgtccttcccagacttgacctctgggacgttcactccccccgaggagacctcggaggaagaagaggcagagtccgacgaggaagaggaggaagagccgggccgccacgactctctcctttcatccctattgaacaagtggggcaaggacctggacgatctacaggagaaggtctgcgccgacctggagaagaccagagagactctgggtatccctccaagccgccccaaacacccgtag,MADRDKVPPRRNSSGKPPTTSNPPAAESPRGRTGSQHPPPLPPSNGHKPKPTEEGAVGGEGSGPRRRDKEDEEEEEEPRGAVGGRRVSFPDLTSGTFTPPEETSEEEEAESDEEEEEEPGRHDSLLSSLLNKWGKDLDDLQEKVCADLEKTRETLGIPPSRPKHP*
Fcapv3,CG,,aataaatttgaaatgagttgtgtctattttttaaagctgtaataaataaagtattttgtttgaaaaacatggccgccctttttctgcatagtcatgatgaccgaaatggatgccaggtgagtaaaccctctcgcctcagatataaatccctgttttggcacaaggtaggtctaagtcttgccaagagccctgtcagcgcaatcggtcgttgcctgagctcgtctttgacaacgctccaacttggcaacagcatcaatcaacacaaccgtttgcggttcagaccgaaagaggttgccaacaaaaaggtaaggcggtgattgttgccaaccaccatttctaatcttgttctaacaaagtaccgggaacggttctctataaaaagaagagaaagtctcaggtttcaagcagatggcgaagcagaactccttcgcggggatagccgagctgctcggagttcccgcagagtgtatccttgttcaatgttgcttttgtgggagatggatgaccgaaagggataaaatagactttgattttaaaaagttgggtttgattttacagaatagacagttattgggtgcctgtacagcctgctgtggagaaaaagctgctgcagacgttagagcaaatactacatgttgtctggagattgatggtgcttgcgcattgtcaggaaaatctgtttgtgctttgccagttcggtgcacagtgtgcttaaaagagcttactctcacagagaagttagactgctgcgctgccagggtacccttacagttagtcagaggtgtgtggcgcggaccctgtcgcttatgctttagaggatgaggggagacaaaccttcaatccaggatattgaactagacctacaggaattggtgctaccagctaatcttttggctgatgaaatcttagaaacggaagaggtggagcctcctccggagtcccaggcatataggattgtcacctgttgtggcatttgtgaaaggaaggtcaggctgtttgtgagtgccacaagcagtcagatcagagtccagcaagagctctttttggccgggctctccattatttgtgtcgcttgttgccgggacctaactcaacatggcggatcgcgataaaggtaccgattacgattgtgcttctgattctgttgacggggggtggtatttagtaagagaagcagaatgcagttcttttgatgaattagagcatctttttgaggtcagtaccgaaggttcagacatttctaatttactagacgatgactgtgtggtaaatgaaggagagcatcagcaggtgcttaatgagcaaattaatgcgtctgatgccctgcagatccaagctttaaaacgaaagtatttgactcctagcccacagtcaaaagtcccagatctcagtcctcgtctggcatcgattagtataagtcctagtaaaagcagcagcaagcgccggttgtttgaagacagtggcatagaaagtttacagcaaaatgaaactgaagatattgttgagggggcgcaggtaaattctggcaacgcagaacctgcgggccaagactctaatgttaatttcttaagaacctatagttctgctgcagctttgttcacagcgtttaaagatgtgtttgggattggtttaaaagaactcatgagaccatttaaaagtgaaaagacatgctcgcatgaatgggtagcctgtgtgtatggggcaagggaagaggtgatagaggggtcgaaaacattgctgcagcagcattgtgatttttttcagatgaatattaggacaggtgctttgggatttctagtgctgtatttgttgtcttgcaaaactggcaagagtaaggagacgttgaagaaaatgctgatgacagtgcttaatgtgtcagagagacagatttatgcggaccctcccagaaacaggagtctccctgttgcattgtttttttataagaaagggatggcgggagattgttttaaacacggggcatatccagattggttggctaagcaggtgcttgttactcatcaggcaaggtccgagacatttgaattgtctactatggtccaatgggcatatgacaataagtacacagatgaagcagagatagcttttcattatgcacgtttggcagaggaggatgcaaatgcagaggcttggttaaaaagcaactcccaagctaaatatgtccgagattgtgcgcaaatggtgaagctgtatcttagacaagaaatgaggcagactactatttctgaatggattgacaagtgctgccagtcagtgacagaggacggtgactggggggatattatgcgcttcttaaaatatcagcaagtcaatttcactcagtttttaactgccatgagaaatgctttagagggtaaacctaaaaaaaactgcttagtattttatgggcctccagatactggcaagtcatatttctgctttagtttggttagttttatgcaggggaaagtggtgaattttatgaatagcaaaagccatttttggctgatgcctttgacagagactaagatgggcatgttggatgatgccacccatgcatgctggtcctttattgatacttatatgcgcaatgctttagatggtaatcctgtttcagtagattgcaaacaccgtgtcccagttcaaatcaaattaccacccttgctgattacttccaacatagatatttttgctgaagatcgctacagatacctatacagtcgggtgcaggcatttaaatttcccaacccctttccctttacaccttttaataagccagtatattccttgactaatgctagctggaaatcttttttcataaggctccgcaaacaattaggcctacaggagcctgaggaggaccagcaggatggagaatctgagcgatcgctttgataacctgcaggagacactcttagacctctatgaaaaaggcagccaaaatctgtgtgatcaagttatctactgggagtgcaggagaaaggagagtgtgatgctgcactttgccagaaaacagggcattggtctcttgggaatgaccgctgtcccctctctggcctcaagtgaatctcaggctaagaaagcaattctgatgtgcttgatgcttcagtctttgcaagcaactccttttgcagatgaaaagtggtcaatgactgattgtagcatagaagtggtggaggctgctcctaaaggcatgctgaaaaaggggcctaagtcagtggaggtgtggtttgacaaggacccccagaactgctttccatatactttgtggtcatacatctattatcagagtgtggatggacagtggagaaaagcagagagtcaggtggactatgaagggattttttttgtggactctgatggtgaggtgcgctattattgcaaatttggggtggatgctgctcggttcgctacaactggtcagtggctagtcaagctgggatgtaaaacaatctatgcctctgtttctagttcctccccggaggaacagctcaggcaagcctccgactaccagcaacccaccagcagccgagagtccccgtgggaggacaggcagccaacatccaccacccctaccccccagcaacgggcacaaacccaagcccacagaggagggcgcagtcgggggagagggatccggaccccgtcgccgggacaaggaggacgaagaggaagaggaggagcctcggggtgcggtagggggtcgccgggtgtccttcccagacttgacctctgggacgttcactccccccgaggagacctcggaggaagaagaggcagagtccgacgaggaagaggaggaagagccgggccgccacgactctctcctttcatccctattgaacaagtggggcaaggacctggacgatctacaggagaaggtctgcgccgacctggagaagaccagagagactctgggtatccctccaagccgccccaaacacccgtagttgttgttaagggccctgggaatgctttaaagtgctggcgcaggcgggttaagcataatcaccctgatgcatttgctgctatatctactgttttttcatggatagaaaaggatgggcctaacagaatagggagacatagattgatgataggatttgcaaatgaacaacaattgtatgatttccttgacattgtgagattgccaaggggatgtgatgtatccaaggggtcattggactctttgtgaattgtgaattggtcacagctgttgcgttttagacacggactgttgatagtatatttttgtatggtttttatacttttatatccactttttgtactgttatttttttatatactgagactgagagaggcagttactattgcttatattgtttgtaattgttacagtgacagttgctttattgtgttgtgtccacaagctcacaccagccacgaggtcatttaccacctgagttccacagtctgtaatccaccagaccatctactttgcttttttctattcttttctgctgctttgcttgctttctctattaatccactaaccgagagatgccgccccggtccaaaaggactaaaagagattctgcagggaatctgtacaaacattgcctacttggaggagactgtattccagatgttgtcaataaatatgagaacaagactccagccgataaaattttgcaaattggtggaagcctcacttattttggggggctgggcatcggcaccggaaaaggcactggggggaccacggggtacagaccactcgggggggacactggtgtcagagtgggtggtgcacctagtgtcatacgccccaatgtacccattgatcctgtgggcccagtggatgtgctgcccattgacaccctttccaccaatacagaggtcccctccgtcatccccatggttgatgaggggtcagttcccccaataggggcggaggtcgagattgtgggtgaggctggagtcacggggggcggccctctcagtggacccactgtctcctctacaagtgaggaaactgctattcttgaggtagggtcctcatcctcctccactcctcgtcaacgagtttccagacagcaatacaataatccttccttcactcctctcactcacagcactcccacggtaggggaagcaacacttggggacagtattctagtctcccaggacagtactgggaccatcgtgggtggttttgggttcactgctgggccacgtgcaacagaggaaatagaactgcaaacatttactgggcccaggtcaagtaccccccgcacacaggagactggcctttatgagacagtgaaaggccttggcggccgaagatatgtacaagtacaggtcaaggagcctgaatttttatctaaaccggcctcgctggcacagtttgggtttgagaaccctgcatttgaaggggatggttccttcacattcccggtgtcagaggatgtagaggctgcccctcattctgcctttcaggatgtgcagaatttaggaagggcacgctataccagaggtccaggaggccgtctgcgggtcagcagagttggcacgaggggttccatgaggctgcgcagtggcacacatattgggcaaaggcttcacttttaccaggatctcagtactattgacccttatgcagggatagagctttcagtcttaggggagcagtcaggggacagtactatagttttagggtcctctgaaagcacattgattgatgtgccactaggagatgaagaggaagccctacttgtagatgagttagaagaggatttcagtaatgctcaactatctttcactagtgcacgtggcagatctgtaattgttgagcatccaaccagcaccccagaaataacaaaaccagtggtggggacagatattggtgaggggatatttgtgtcacacccggatgcagataagggtgttatgtgggctatacctaaagacacacaggacagaacacatgtacctacagatggtcaaccctctttgttatgggacccatctactggcacatttgacctgcatccgggactcctgagatggcgaaggaagaggcgaagacgccatgatctttaactttcttttgcaggacaatggcatattgggtccagcctcaaggaaagctgtatttgccaccacctaagccagtggcgaaggttatgagcactgatgaatatgtcactccaacgtccatttactatcatggtggcagtgaacgcctggtgactgttgggcatccctactaccccatcttgagcacagacgacaataaggttttggtacctaatgtgtctggtaatcagtatagggtgttcagagttatgtttccagaccctaataagtttgctttggcagaccctaacatttacaaccctgagacagaaagattggtatggcgtttgcagggactccaaataggccggggagggcctttgggggttggtaccactggaaatccattatataacaagttcaaggacactgaaaatcccaacacctacaacacttccacagcagatgaaaggcaaaatgtgtccatcgacccaaaacagacccagctctttattgtgggatgtgttccctgcacaggggagcattgggatgctgcaaagccttgtgctgatgctaactttcaaaagggggactgtccacccttggagctgaaaacaaccatcattgaggatggtcaaatgtgtgacataggttatggggctatgaatttcaaagctttgcaggaagacaaatcaggggtgcctttagaaatttcacagaaaacatgcaagtggcctgattttttraggatggaaaatgataaatatggggacgctatgtttttttatggcaagagggagcagctgtattgcagacattttttcacaagacaaggcacgaatggggaagagatcccaaaggatttatacttgcctggtggctcttctccaaaggataaaccttctttggttaattataatggcacacctagtgggtctttggtaaccagtgattcacagctattcaatagacccttttggttacaaaatgcccagggcaaaaacaatggggtattatgggggaatcaaatgttcctgacagttgttgacaacacaaggaactataattttaccataagtcagggcacgcaagaactgcagtcctttgatcctcaaaacaccaagcaatacttaaggcatacagaagaatatgaggtttcttgcattttgcagctttgcattgtaaagttagaaggagatgttttagcacacattaatgctatgaatcctgacattctagaggattggaatttagggtttgttcctgcaccacagacaggtattgaaactgcatacaggtacctcacttcaaaagctactcggtgtccggacagtgagccagagaagcgtaaggaagatccgtatgctggtatgaacttctggcaggtcaacctgcaggaacggttatctaatgaacttgatcagtttcctctgggcaggaaatttctgtatcaaactggccttaaacaaaggtccaccagggcaaaggtcacaaaaaggacagccacctcatctccgaagcccgcgaagaggaagcgcgccaattaa
Fcapv3,E1,1096..2892,atggcggatcgcgataaaggtaccgattacgattgtgcttctgattctgttgacggggggtggtatttagtaagagaagcagaatgcagttcttttgatgaattagagcatctttttgaggtcagtaccgaaggttcagacatttctaatttactagacgatgactgtgtggtaaatgaaggagagcatcagcaggtgcttaatgagcaaattaatgcgtctgatgccctgcagatccaagctttaaaacgaaagtatttgactcctagcccacagtcaaaagtcccagatctcagtcctcgtctggcatcgattagtataagtcctagtaaaagcagcagcaagcgccggttgtttgaagacagtggcatagaaagtttacagcaaaatgaaactgaagatattgttgagggggcgcaggtaaattctggcaacgcagaacctgcgggccaagactctaatgttaatttcttaagaacctatagttctgctgcagctttgttcacagcgtttaaagatgtgtttgggattggtttaaaagaactcatgagaccatttaaaagtgaaaagacatgctcgcatgaatgggtagcctgtgtgtatggggcaagggaagaggtgatagaggggtcgaaaacattgctgcagcagcattgtgatttttttcagatgaatattaggacaggtgctttgggatttctagtgctgtatttgttgtcttgcaaaactggcaagagtaaggagacgttgaagaaaatgctgatgacagtgcttaatgtgtcagagagacagatttatgcggaccctcccagaaacaggagtctccctgttgcattgtttttttataagaaagggatggcgggagattgttttaaacacggggcatatccagattggttggctaagcaggtgcttgttactcatcaggcaaggtccgagacatttgaattgtctactatggtccaatgggcatatgacaataagtacacagatgaagcagagatagcttttcattatgcacgtttggcagaggaggatgcaaatgcagaggcttggttaaaaagcaactcccaagctaaatatgtccgagattgtgcgcaaatggtgaagctgtatcttagacaagaaatgaggcagactactatttctgaatggattgacaagtgctgccagtcagtgacagaggacggtgactggggggatattatgcgcttcttaaaatatcagcaagtcaatttcactcagtttttaactgccatgagaaatgctttagagggtaaacctaaaaaaaactgcttagtattttatgggcctccagatactggcaagtcatatttctgctttagtttggttagttttatgcaggggaaagtggtgaattttatgaatagcaaaagccatttttggctgatgcctttgacagagactaagatgggcatgttggatgatgccacccatgcatgctggtcctttattgatacttatatgcgcaatgctttagatggtaatcctgtttcagtagattgcaaacaccgtgtcccagttcaaatcaaattaccacccttgctgattacttccaacatagatatttttgctgaagatcgctacagatacctatacagtcgggtgcaggcatttaaatttcccaacccctttccctttacaccttttaataagccagtatattccttgactaatgctagctggaaatcttttttcataaggctccgcaaacaattaggcctacaggagcctgaggaggaccagcaggatggagaatctgagcgatcgctttga,MADRDKGTDYDCASDSVDGGWYLVREAECSSFDELEHLFEVSTEGSDISNLLDDDCVVNEGEHQQVLNEQINASDALQIQALKRKYLTPSPQSKVPDLSPRLASISISPSKSSSKRRLFEDSGIESLQQNETEDIVEGAQVNSGNAEPAGQDSNVNFLRTYSSAAALFTAFKDVFGIGLKELMRPFKSEKTCSHEWVACVYGAREEVIEGSKTLLQQHCDFFQMNIRTGALGFLVLYLLSCKTGKSKETLKKMLMTVLNVSERQIYADPPRNRSLPVALFFYKKGMAGDCFKHGAYPDWLAKQVLVTHQARSETFELSTMVQWAYDNKYTDEAEIAFHYARLAEEDANAEAWLKSNSQAKYVRDCAQMVKLYLRQEMRQTTISEWIDKCCQSVTEDGDWGDIMRFLKYQQVNFTQFLTAMRNALEGKPKKNCLVFYGPPDTGKSYFCFSLVSFMQGKVVNFMNSKSHFWLMPLTETKMGMLDDATHACWSFIDTYMRNALDGNPVSVDCKHRVPVQIKLPPLLITSNIDIFAEDRYRYLYSRVQAFKFPNPFPFTPFNKPVYSLTNASWKSFFIRLRKQLGLQEPEEDQQDGESERSL*
Fcapv3,L2,4519..6060,atgccgccccggtccaaaaggactaaaagagattctgcagggaatctgtacaaacattgcctacttggaggagactgtattccagatgttgtcaataaatatgagaacaagactccagccgataaaattttgcaaattggtggaagcctcacttattttggggggctgggcatcggcaccggaaaaggcactggggggaccacggggtacagaccactcgggggggacactggtgtcagagtgggtggtgcacctagtgtcatacgccccaatgtacccattgatcctgtgggcccagtggatgtgctgcccattgacaccctttccaccaatacagaggtcccctccgtcatccccatggttgatgaggggtcagttcccccaataggggcggaggtcgagattgtgggtgaggctggagtcacggggggcggccctctcagtggacccactgtctcctctacaagtgaggaaactgctattcttgaggtagggtcctcatcctcctccactcctcgtcaacgagtttccagacagcaatacaataatccttccttcactcctctcactcacagcactcccacggtaggggaagcaacacttggggacagtattctagtctcccaggacagtactgggaccatcgtgggtggttttgggttcactgctgggccacgtgcaacagaggaaatagaactgcaaacatttactgggcccaggtcaagtaccccccgcacacaggagactggcctttatgagacagtgaaaggccttggcggccgaagatatgtacaagtacaggtcaaggagcctgaatttttatctaaaccggcctcgctggcacagtttgggtttgagaaccctgcatttgaaggggatggttccttcacattcccggtgtcagaggatgtagaggctgcccctcattctgcctttcaggatgtgcagaatttaggaagggcacgctataccagaggtccaggaggccgtctgcgggtcagcagagttggcacgaggggttccatgaggctgcgcagtggcacacatattgggcaaaggcttcacttttaccaggatctcagtactattgacccttatgcagggatagagctttcagtcttaggggagcagtcaggggacagtactatagttttagggtcctctgaaagcacattgattgatgtgccactaggagatgaagaggaagccctacttgtagatgagttagaagaggatttcagtaatgctcaactatctttcactagtgcacgtggcagatctgtaattgttgagcatccaaccagcaccccagaaataacaaaaccagtggtggggacagatattggtgaggggatatttgtgtcacacccggatgcagataagggtgttatgtgggctatacctaaagacacacaggacagaacacatgtacctacagatggtcaaccctctttgttatgggacccatctactggcacatttgacctgcatccgggactcctgagatggcgaaggaagaggcgaagacgccatgatctttaa,MPPRSKRTKRDSAGNLYKHCLLGGDCIPDVVNKYENKTPADKILQIGGSLTYFGGLGIGTGKGTGGTTGYRPLGGDTGVRVGGAPSVIRPNVPIDPVGPVDVLPIDTLSTNTEVPSVIPMVDEGSVPPIGAEVEIVGEAGVTGGGPLSGPTVSSTSEETAILEVGSSSSSTPRQRVSRQQYNNPSFTPLTHSTPTVGEATLGDSILVSQDSTGTIVGGFGFTAGPRATEEIELQTFTGPRSSTPRTQETGLYETVKGLGGRRYVQVQVKEPEFLSKPASLAQFGFENPAFEGDGSFTFPVSEDVEAAPHSAFQDVQNLGRARYTRGPGGRLRVSRVGTRGSMRLRSGTHIGQRLHFYQDLSTIDPYAGIELSVLGEQSGDSTIVLGSSESTLIDVPLGDEEEALLVDELEEDFSNAQLSFTSARGRSVIVEHPTSTPEITKPVVGTDIGEGIFVSHPDADKGVMWAIPKDTQDRTHVPTDGQPSLLWDPSTGTFDLHPGLLRWRRKRRRRHDL*
Fcapv3,E2,2867..4192,atggagaatctgagcgatcgctttgataacctgcaggagacactcttagacctctatgaaaaaggcagccaaaatctgtgtgatcaagttatctactgggagtgcaggagaaaggagagtgtgatgctgcactttgccagaaaacagggcattggtctcttgggaatgaccgctgtcccctctctggcctcaagtgaatctcaggctaagaaagcaattctgatgtgcttgatgcttcagtctttgcaagcaactccttttgcagatgaaaagtggtcaatgactgattgtagcatagaagtggtggaggctgctcctaaaggcatgctgaaaaaggggcctaagtcagtggaggtgtggtttgacaaggacccccagaactgctttccatatactttgtggtcatacatctattatcagagtgtggatggacagtggagaaaagcagagagtcaggtggactatgaagggattttttttgtggactctgatggtgaggtgcgctattattgcaaatttggggtggatgctgctcggttcgctacaactggtcagtggctagtcaagctgggatgtaaaacaatctatgcctctgtttctagttcctccccggaggaacagctcaggcaagcctccgactaccagcaacccaccagcagccgagagtccccgtgggaggacaggcagccaacatccaccacccctaccccccagcaacgggcacaaacccaagcccacagaggagggcgcagtcgggggagagggatccggaccccgtcgccgggacaaggaggacgaagaggaagaggaggagcctcggggtgcggtagggggtcgccgggtgtccttcccagacttgacctctgggacgttcactccccccgaggagacctcggaggaagaagaggcagagtccgacgaggaagaggaggaagagccgggccgccacgactctctcctttcatccctattgaacaagtggggcaaggacctggacgatctacaggagaaggtctgcgccgacctggagaagaccagagagactctgggtatccctccaagccgccccaaacacccgtagttgttgttaagggccctgggaatgctttaaagtgctggcgcaggcgggttaagcataatcaccctgatgcatttgctgctatatctactgttttttcatggatagaaaaggatgggcctaacagaatagggagacatagattgatgataggatttgcaaatgaacaacaattgtatgatttccttgacattgtgagattgccaaggggatgtgatgtatccaaggggtcattggactctttgtga,MENLSDRFDNLQETLLDLYEKGSQNLCDQVIYWECRRKESVMLHFARKQGIGLLGMTAVPSLASSESQAKKAILMCLMLQSLQATPFADEKWSMTDCSIEVVEAAPKGMLKKGPKSVEVWFDKDPQNCFPYTLWSYIYYQSVDGQWRKAESQVDYEGIFFVDSDGEVRYYCKFGVDAARFATTGQWLVKLGCKTIYASVSSSSPEEQLRQASDYQQPTSSRESPWEDRQPTSTTPTPQQRAQTQAHRGGRSRGRGIRTPSPGQGGRRGRGGASGCGRGSPGVLPRLDLWDVHSPRGDLGGRRGRVRRGRGGRAGPPRLSPFIPIEQVGQGPGRSTGEGLRRPGEDQRDSGYPSKPPQTPVVVVKGPGNALKCWRRRVKHNHPDAFAAISTVFSWIEKDGPNRIGRHRLMIGFANEQQLYDFLDIVRLPRGCDVSKGSLDSL*
Fcapv3,E7,819..1112,atgaggggagacaaaccttcaatccaggatattgaactagacctacaggaattggtgctaccagctaatcttttggctgatgaaatcttagaaacggaagaggtggagcctcctccggagtcccaggcatataggattgtcacctgttgtggcatttgtgaaaggaaggtcaggctgtttgtgagtgccacaagcagtcagatcagagtccagcaagagctctttttggccgggctctccattatttgtgtcgcttgttgccgggacctaactcaacatggcggatcgcgataa,MRGDKPSIQDIELDLQELVLPANLLADEILETEEVEPPPESQAYRIVTCCGICERKVRLFVSATSSQIRVQQELFLAGLSIICVACCRDLTQHGGSR*
Fcapv3,L1,6078..7583,atggcatattgggtccagcctcaaggaaagctgtatttgccaccacctaagccagtggcgaaggttatgagcactgatgaatatgtcactccaacgtccatttactatcatggtggcagtgaacgcctggtgactgttgggcatccctactaccccatcttgagcacagacgacaataaggttttggtacctaatgtgtctggtaatcagtatagggtgttcagagttatgtttccagaccctaataagtttgctttggcagaccctaacatttacaaccctgagacagaaagattggtatggcgtttgcagggactccaaataggccggggagggcctttgggggttggtaccactggaaatccattatataacaagttcaaggacactgaaaatcccaacacctacaacacttccacagcagatgaaaggcaaaatgtgtccatcgacccaaaacagacccagctctttattgtgggatgtgttccctgcacaggggagcattgggatgctgcaaagccttgtgctgatgctaactttcaaaagggggactgtccacccttggagctgaaaacaaccatcattgaggatggtcaaatgtgtgacataggttatggggctatgaatttcaaagctttgcaggaagacaaatcaggggtgcctttagaaatttcacagaaaacatgcaagtggcctgattttttraggatggaaaatgataaatatggggacgctatgtttttttatggcaagagggagcagctgtattgcagacattttttcacaagacaaggcacgaatggggaagagatcccaaaggatttatacttgcctggtggctcttctccaaaggataaaccttctttggttaattataatggcacacctagtgggtctttggtaaccagtgattcacagctattcaatagacccttttggttacaaaatgcccagggcaaaaacaatggggtattatgggggaatcaaatgttcctgacagttgttgacaacacaaggaactataattttaccataagtcagggcacgcaagaactgcagtcctttgatcctcaaaacaccaagcaatacttaaggcatacagaagaatatgaggtttcttgcattttgcagctttgcattgtaaagttagaaggagatgttttagcacacattaatgctatgaatcctgacattctagaggattggaatttagggtttgttcctgcaccacagacaggtattgaaactgcatacaggtacctcacttcaaaagctactcggtgtccggacagtgagccagagaagcgtaaggaagatccgtatgctggtatgaacttctggcaggtcaacctgcaggaacggttatctaatgaacttgatcagtttcctctgggcaggaaatttctgtatcaaactggccttaaacaaaggtccaccagggcaaaggtcacaaaaaggacagccacctcatctccgaagcccgcgaagaggaagcgcgccaattaa,MAYWVQPQGKLYLPPPKPVAKVMSTDEYVTPTSIYYHGGSERLVTVGHPYYPILSTDDNKVLVPNVSGNQYRVFRVMFPDPNKFALADPNIYNPETERLVWRLQGLQIGRGGPLGVGTTGNPLYNKFKDTENPNTYNTSTADERQNVSIDPKQTQLFIVGCVPCTGEHWDAAKPCADANFQKGDCPPLELKTTIIEDGQMCDIGYGAMNFKALQEDKSGVPLEISQKTCKWPDFLRMENDKYGDAMFFYGKREQLYCRHFFTRQGTNGEEIPKDLYLPGGSSPKDKPSLVNYNGTPSGSLVTSDSQLFNRPFWLQNAQGKNNGVLWGNQMFLTVVDNTRNYNFTISQGTQELQSFDPQNTKQYLRHTEEYEVSCILQLCIVKLEGDVLAHINAMNPDILEDWNLGFVPAPQTGIETAYRYLTSKATRCPDSEPEKRKEDPYAGMNFWQVNLQERLSNELDQFPLGRKFLYQTGLKQRSTRAKVTKRTATSSPKPAKRKRAN*
Fcapv3,E6,409..822,atggcgaagcagaactccttcgcggggatagccgagctgctcggagttcccgcagagtgtatccttgttcaatgttgcttttgtgggagatggatgaccgaaagggataaaatagactttgattttaaaaagttgggtttgattttacagaatagacagttattgggtgcctgtacagcctgctgtggagaaaaagctgctgcagacgttagagcaaatactacatgttgtctggagattgatggtgcttgcgcattgtcaggaaaatctgtttgtgctttgccagttcggtgcacagtgtgcttaaaagagcttactctcacagagaagttagactgctgcgctgccagggtacccttacagttagtcagaggtgtgtggcgcggaccctgtcgcttatgctttagaggatga,MAKQNSFAGIAELLGVPAECILVQCCFCGRWMTERDKIDFDFKKLGLILQNRQLLGACTACCGEKAAADVRANTTCCLEIDGACALSGKSVCALPVRCTVCLKELTLTEKLDCCAARVPLQLVRGVWRGPCRLCFRG*
Fcapv3,URR,1..408,aataaatttgaaatgagttgtgtctattttttaaagctgtaataaataaagtattttgtttgaaaaacatggccgccctttttctgcatagtcatgatgaccgaaatggatgccaggtgagtaaaccctctcgcctcagatataaatccctgttttggcacaaggtaggtctaagtcttgccaagagccctgtcagcgcaatcggtcgttgcctgagctcgtctttgacaacgctccaacttggcaacagcatcaatcaacacaaccgtttgcggttcagaccgaaagaggttgccaacaaaaaggtaaggcggtgattgttgccaaccaccatttctaatcttgttctaacaaagtaccgggaacggttctctataaaaagaagagaaagtctcaggtttcaagcag
Fcapv3,E1BS,314..334,tgattgttgccaaccaccat
Fcapv3,E2BS,265..277,accgtttgcggt
Fcapv3,E2BS,358..370,accgggaacggt
Fcapv3,E2BS,281..293,accgaaagaggt
Fcapv3,E8^E2,join(1484..1515+3469..4192),atgaaactgaagatattgttgagggggcgcagttcctccccggaggaacagctcaggcaagcctccgactaccagcaacccaccagcagccgagagtccccgtgggaggacaggcagccaacatccaccacccctaccccccagcaacgggcacaaacccaagcccacagaggagggcgcagtcgggggagagggatccggaccccgtcgccgggacaaggaggacgaagaggaagaggaggagcctcggggtgcggtagggggtcgccgggtgtccttcccagacttgacctctgggacgttcactccccccgaggagacctcggaggaagaagaggcagagtccgacgaggaagaggaggaagagccgggccgccacgactctctcctttcatccctattgaacaagtggggcaaggacctggacgatctacaggagaaggtctgcgccgacctggagaagaccagagagactctgggtatccctccaagccgccccaaacacccgtagttgttgttaagggccctgggaatgctttaaagtgctggcgcaggcgggttaagcataatcaccctgatgcatttgctgctatatctactgttttttcatggatagaaaaggatgggcctaacagaatagggagacatagattgatgataggatttgcaaatgaacaacaattgtatgatttccttgacattgtgagattgccaaggggatgtgatgtatccaaggggtcattggactctttgtga,MKLKILLRGRSSSPEEQLRQASDYQQPTSSRESPWEDRQPTSTTPTPQQRAQTQAHRGGRSRGRGIRTPSPGQGGRRGRGGASGCGRGSPGVLPRLDLWDVHSPRGDLGGRRGRVRRGRGGRAGPPRLSPFIPIEQVGQGPGRSTGEGLRRPGEDQRDSGYPSKPPQTPVVVVKGPGNALKCWRRRVKHNHPDAFAAISTVFSWIEKDGPNRIGRHRLMIGFANEQQLYDFLDIVRLPRGCDVSKGSLDSL*
Fcapv3,E1^E4,join(1096..1114+3469..3947),atggcggatcgcgataaagttcctccccggaggaacagctcaggcaagcctccgactaccagcaacccaccagcagccgagagtccccgtgggaggacaggcagccaacatccaccacccctaccccccagcaacgggcacaaacccaagcccacagaggagggcgcagtcgggggagagggatccggaccccgtcgccgggacaaggaggacgaagaggaagaggaggagcctcggggtgcggtagggggtcgccgggtgtccttcccagacttgacctctgggacgttcactccccccgaggagacctcggaggaagaagaggcagagtccgacgaggaagaggaggaagagccgggccgccacgactctctcctttcatccctattgaacaagtggggcaaggacctggacgatctacaggagaaggtctgcgccgacctggagaagaccagagagactctgggtatccctccaagccgccccaaacacccgtag,MADRDKVPPRRNSSGKPPTTSNPPAAESPRGRTGSQHPPPLPPSNGHKPKPTEEGAVGGEGSGPRRRDKEDEEEEEEPRGAVGGRRVSFPDLTSGTFTPPEETSEEEEAESDEEEEEEPGRHDSLLSSLLNKWGKDLDDLQEKVCADLEKTRETLGIPPSRPKHP*
Fcapv3,CG,,aataaatttgaaatgagttgtgtctattttttaaagctgtaataaataaagtattttgtttgaaaaacatggccgccctttttctgcatagtcatgatgaccgaaatggatgccaggtgagtaaaccctctcgcctcagatataaatccctgttttggcacaaggtaggtctaagtcttgccaagagccctgtcagcgcaatcggtcgttgcctgagctcgtctttgacaacgctccaacttggcaacagcatcaatcaacacaaccgtttgcggttcagaccgaaagaggttgccaacaaaaaggtaaggcggtgattgttgccaaccaccatttctaatcttgttctaacaaagtaccgggaacggttctctataaaaagaagagaaagtctcaggtttcaagcagatggcgaagcagaactccttcgcggggatagccgagctgctcggagttcccgcagagtgtatccttgttcaatgttgcttttgtgggagatggatgaccgaaagggataaaatagactttgattttaaaaagttgggtttgattttacagaatagacagttattgggtgcctgtacagcctgctgtggagaaaaagctgctgcagacgttagagcaaatactacatgttgtctggagattgatggtgcttgcgcattgtcaggaaaatctgtttgtgctttgccagttcggtgcacagtgtgcttaaaagagcttactctcacagagaagttagactgctgcgctgccagggtacccttacagttagtcagaggtgtgtggcgcggaccctgtcgcttatgctttagaggatgaggggagacaaaccttcaatccaggatattgaactagacctacaggaattggtgctaccagctaatcttttggctgatgaaatcttagaaacggaagaggtggagcctcctccggagtcccaggcatataggattgtcacctgttgtggcatttgtgaaaggaaggtcaggctgtttgtgagtgccacaagcagtcagatcagagtccagcaagagctctttttggccgggctctccattatttgtgtcgcttgttgccgggacctaactcaacatggcggatcgcgataaaggtaccgattacgattgtgcttctgattctgttgacggggggtggtatttagtaagagaagcagaatgcagttcttttgatgaattagagcatctttttgaggtcagtaccgaaggttcagacatttctaatttactagacgatgactgtgtggtaaatgaaggagagcatcagcaggtgcttaatgagcaaattaatgcgtctgatgccctgcagatccaagctttaaaacgaaagtatttgactcctagcccacagtcaaaagtcccagatctcagtcctcgtctggcatcgattagtataagtcctagtaaaagcagcagcaagcgccggttgtttgaagacagtggcatagaaagtttacagcaaaatgaaactgaagatattgttgagggggcgcaggtaaattctggcaacgcagaacctgcgggccaagactctaatgttaatttcttaagaacctatagttctgctgcagctttgttcacagcgtttaaagatgtgtttgggattggtttaaaagaactcatgagaccatttaaaagtgaaaagacatgctcgcatgaatgggtagcctgtgtgtatggggcaagggaagaggtgatagaggggtcgaaaacattgctgcagcagcattgtgatttttttcagatgaatattaggacaggtgctttgggatttctagtgctgtatttgttgtcttgcaaaactggcaagagtaaggagacgttgaagaaaatgctgatgacagtgcttaatgtgtcagagagacagatttatgcggaccctcccagaaacaggagtctccctgttgcattgtttttttataagaaagggatggcgggagattgttttaaacacggggcatatccagattggttggctaagcaggtgcttgttactcatcaggcaaggtccgagacatttgaattgtctactatggtccaatgggcatatgacaataagtacacagatgaagcagagatagcttttcattatgcacgtttggcagaggaggatgcaaatgcagaggcttggttaaaaagcaactcccaagctaaatatgtccgagattgtgcgcaaatggtgaagctgtatcttagacaagaaatgaggcagactactatttctgaatggattgacaagtgctgccagtcagtgacagaggacggtgactggggggatattatgcgcttcttaaaatatcagcaagtcaatttcactcagtttttaactgccatgagaaatgctttagagggtaaacctaaaaaaaactgcttagtattttatgggcctccagatactggcaagtcatatttctgctttagtttggttagttttatgcaggggaaagtggtgaattttatgaatagcaaaagccatttttggctgatgcctttgacagagactaagatgggcatgttggatgatgccacccatgcatgctggtcctttattgatacttatatgcgcaatgctttagatggtaatcctgtttcagtagattgcaaacaccgtgtcccagttcaaatcaaattaccacccttgctgattacttccaacatagatatttttgctgaagatcgctacagatacctatacagtcgggtgcaggcatttaaatttcccaacccctttccctttacaccttttaataagccagtatattccttgactaatgctagctggaaatcttttttcataaggctccgcaaacaattaggcctacaggagcctgaggaggaccagcaggatggagaatctgagcgatcgctttgataacctgcaggagacactcttagacctctatgaaaaaggcagccaaaatctgtgtgatcaagttatctactgggagtgcaggagaaaggagagtgtgatgctgcactttgccagaaaacagggcattggtctcttgggaatgaccgctgtcccctctctggcctcaagtgaatctcaggctaagaaagcaattctgatgtgcttgatgcttcagtctttgcaagcaactccttttgcagatgaaaagtggtcaatgactgattgtagcatagaagtggtggaggctgctcctaaaggcatgctgaaaaaggggcctaagtcagtggaggtgtggtttgacaaggacccccagaactgctttccatatactttgtggtcatacatctattatcagagtgtggatggacagtggagaaaagcagagagtcaggtggactatgaagggattttttttgtggactctgatggtgaggtgcgctattattgcaaatttggggtggatgctgctcggttcgctacaactggtcagtggctagtcaagctgggatgtaaaacaatctatgcctctgtttctagttcctccccggaggaacagctcaggcaagcctccgactaccagcaacccaccagcagccgagagtccccgtgggaggacaggcagccaacatccaccacccctaccccccagcaacgggcacaaacccaagcccacagaggagggcgcagtcgggggagagggatccggaccccgtcgccgggacaaggaggacgaagaggaagaggaggagcctcggggtgcggtagggggtcgccgggtgtccttcccagacttgacctctgggacgttcactccccccgaggagacctcggaggaagaagaggcagagtccgacgaggaagaggaggaagagccgggccgccacgactctctcctttcatccctattgaacaagtggggcaaggacctggacgatctacaggagaaggtctgcgccgacctggagaagaccagagagactctgggtatccctccaagccgccccaaacacccgtagttgttgttaagggccctgggaatgctttaaagtgctggcgcaggcgggttaagcataatcaccctgatgcatttgctgctatatctactgttttttcatggatagaaaaggatgggcctaacagaatagggagacatagattgatgataggatttgcaaatgaacaacaattgtatgatttccttgacattgtgagattgccaaggggatgtgatgtatccaaggggtcattggactctttgtgaattgtgaattggtcacagctgttgcgttttagacacggactgttgatagtatatttttgtatggtttttatacttttatatccactttttgtactgttatttttttatatactgagactgagagaggcagttactattgcttatattgtttgtaattgttacagtgacagttgctttattgtgttgtgtccacaagctcacaccagccacgaggtcatttaccacctgagttccacagtctgtaatccaccagaccatctactttgcttttttctattcttttctgctgctttgcttgctttctctattaatccactaaccgagagatgccgccccggtccaaaaggactaaaagagattctgcagggaatctgtacaaacattgcctacttggaggagactgtattccagatgttgtcaataaatatgagaacaagactccagccgataaaattttgcaaattggtggaagcctcacttattttggggggctgggcatcggcaccggaaaaggcactggggggaccacggggtacagaccactcgggggggacactggtgtcagagtgggtggtgcacctagtgtcatacgccccaatgtacccattgatcctgtgggcccagtggatgtgctgcccattgacaccctttccaccaatacagaggtcccctccgtcatccccatggttgatgaggggtcagttcccccaataggggcggaggtcgagattgtgggtgaggctggagtcacggggggcggccctctcagtggacccactgtctcctctacaagtgaggaaactgctattcttgaggtagggtcctcatcctcctccactcctcgtcaacgagtttccagacagcaatacaataatccttccttcactcctctcactcacagcactcccacggtaggggaagcaacacttggggacagtattctagtctcccaggacagtactgggaccatcgtgggtggttttgggttcactgctgggccacgtgcaacagaggaaatagaactgcaaacatttactgggcccaggtcaagtaccccccgcacacaggagactggcctttatgagacagtgaaaggccttggcggccgaagatatgtacaagtacaggtcaaggagcctgaatttttatctaaaccggcctcgctggcacagtttgggtttgagaaccctgcatttgaaggggatggttccttcacattcccggtgtcagaggatgtagaggctgcccctcattctgcctttcaggatgtgcagaatttaggaagggcacgctataccagaggtccaggaggccgtctgcgggtcagcagagttggcacgaggggttccatgaggctgcgcagtggcacacatattgggcaaaggcttcacttttaccaggatctcagtactattgacccttatgcagggatagagctttcagtcttaggggagcagtcaggggacagtactatagttttagggtcctctgaaagcacattgattgatgtgccactaggagatgaagaggaagccctacttgtagatgagttagaagaggatttcagtaatgctcaactatctttcactagtgcacgtggcagatctgtaattgttgagcatccaaccagcaccccagaaataacaaaaccagtggtggggacagatattggtgaggggatatttgtgtcacacccggatgcagataagggtgttatgtgggctatacctaaagacacacaggacagaacacatgtacctacagatggtcaaccctctttgttatgggacccatctactggcacatttgacctgcatccgggactcctgagatggcgaaggaagaggcgaagacgccatgatctttaactttcttttgcaggacaatggcatattgggtccagcctcaaggaaagctgtatttgccaccacctaagccagtggcgaaggttatgagcactgatgaatatgtcactccaacgtccatttactatcatggtggcagtgaacgcctggtgactgttgggcatccctactaccccatcttgagcacagacgacaataaggttttggtacctaatgtgtctggtaatcagtatagggtgttcagagttatgtttccagaccctaataagtttgctttggcagaccctaacatttacaaccctgagacagaaagattggtatggcgtttgcagggactccaaataggccggggagggcctttgggggttggtaccactggaaatccattatataacaagttcaaggacactgaaaatcccaacacctacaacacttccacagcagatgaaaggcaaaatgtgtccatcgacccaaaacagacccagctctttattgtgggatgtgttccctgcacaggggagcattgggatgctgcaaagccttgtgctgatgctaactttcaaaagggggactgtccacccttggagctgaaaacaaccatcattgaggatggtcaaatgtgtgacataggttatggggctatgaatttcaaagctttgcaggaagacaaatcaggggtgcctttagaaatttcacagaaaacatgcaagtggcctgattttttraggatggaaaatgataaatatggggacgctatgtttttttatggcaagagggagcagctgtattgcagacattttttcacaagacaaggcacgaatggggaagagatcccaaaggatttatacttgcctggtggctcttctccaaaggataaaccttctttggttaattataatggcacacctagtgggtctttggtaaccagtgattcacagctattcaatagacccttttggttacaaaatgcccagggcaaaaacaatggggtattatgggggaatcaaatgttcctgacagttgttgacaacacaaggaactataattttaccataagtcagggcacgcaagaactgcagtcctttgatcctcaaaacaccaagcaatacttaaggcatacagaagaatatgaggtttcttgcattttgcagctttgcattgtaaagttagaaggagatgttttagcacacattaatgctatgaatcctgacattctagaggattggaatttagggtttgttcctgcaccacagacaggtattgaaactgcatacaggtacctcacttcaaaagctactcggtgtccggacagtgagccagagaagcgtaaggaagatccgtatgctggtatgaacttctggcaggtcaacctgcaggaacggttatctaatgaacttgatcagtttcctctgggcaggaaatttctgtatcaaactggccttaaacaaaggtccaccagggcaaaggtcacaaaaaggacagccacctcatctccgaagcccgcgaagaggaagcgcgccaattaa
Fcapv3,E1,1096..2892,atggcggatcgcgataaaggtaccgattacgattgtgcttctgattctgttgacggggggtggtatttagtaagagaagcagaatgcagttcttttgatgaattagagcatctttttgaggtcagtaccgaaggttcagacatttctaatttactagacgatgactgtgtggtaaatgaaggagagcatcagcaggtgcttaatgagcaaattaatgcgtctgatgccctgcagatccaagctttaaaacgaaagtatttgactcctagcccacagtcaaaagtcccagatctcagtcctcgtctggcatcgattagtataagtcctagtaaaagcagcagcaagcgccggttgtttgaagacagtggcatagaaagtttacagcaaaatgaaactgaagatattgttgagggggcgcaggtaaattctggcaacgcagaacctgcgggccaagactctaatgttaatttcttaagaacctatagttctgctgcagctttgttcacagcgtttaaagatgtgtttgggattggtttaaaagaactcatgagaccatttaaaagtgaaaagacatgctcgcatgaatgggtagcctgtgtgtatggggcaagggaagaggtgatagaggggtcgaaaacattgctgcagcagcattgtgatttttttcagatgaatattaggacaggtgctttgggatttctagtgctgtatttgttgtcttgcaaaactggcaagagtaaggagacgttgaagaaaatgctgatgacagtgcttaatgtgtcagagagacagatttatgcggaccctcccagaaacaggagtctccctgttgcattgtttttttataagaaagggatggcgggagattgttttaaacacggggcatatccagattggttggctaagcaggtgcttgttactcatcaggcaaggtccgagacatttgaattgtctactatggtccaatgggcatatgacaataagtacacagatgaagcagagatagcttttcattatgcacgtttggcagaggaggatgcaaatgcagaggcttggttaaaaagcaactcccaagctaaatatgtccgagattgtgcgcaaatggtgaagctgtatcttagacaagaaatgaggcagactactatttctgaatggattgacaagtgctgccagtcagtgacagaggacggtgactggggggatattatgcgcttcttaaaatatcagcaagtcaatttcactcagtttttaactgccatgagaaatgctttagagggtaaacctaaaaaaaactgcttagtattttatgggcctccagatactggcaagtcatatttctgctttagtttggttagttttatgcaggggaaagtggtgaattttatgaatagcaaaagccatttttggctgatgcctttgacagagactaagatgggcatgttggatgatgccacccatgcatgctggtcctttattgatacttatatgcgcaatgctttagatggtaatcctgtttcagtagattgcaaacaccgtgtcccagttcaaatcaaattaccacccttgctgattacttccaacatagatatttttgctgaagatcgctacagatacctatacagtcgggtgcaggcatttaaatttcccaacccctttccctttacaccttttaataagccagtatattccttgactaatgctagctggaaatcttttttcataaggctccgcaaacaattaggcctacaggagcctgaggaggaccagcaggatggagaatctgagcgatcgctttga,MADRDKGTDYDCASDSVDGGWYLVREAECSSFDELEHLFEVSTEGSDISNLLDDDCVVNEGEHQQVLNEQINASDALQIQALKRKYLTPSPQSKVPDLSPRLASISISPSKSSSKRRLFEDSGIESLQQNETEDIVEGAQVNSGNAEPAGQDSNVNFLRTYSSAAALFTAFKDVFGIGLKELMRPFKSEKTCSHEWVACVYGAREEVIEGSKTLLQQHCDFFQMNIRTGALGFLVLYLLSCKTGKSKETLKKMLMTVLNVSERQIYADPPRNRSLPVALFFYKKGMAGDCFKHGAYPDWLAKQVLVTHQARSETFELSTMVQWAYDNKYTDEAEIAFHYARLAEEDANAEAWLKSNSQAKYVRDCAQMVKLYLRQEMRQTTISEWIDKCCQSVTEDGDWGDIMRFLKYQQVNFTQFLTAMRNALEGKPKKNCLVFYGPPDTGKSYFCFSLVSFMQGKVVNFMNSKSHFWLMPLTETKMGMLDDATHACWSFIDTYMRNALDGNPVSVDCKHRVPVQIKLPPLLITSNIDIFAEDRYRYLYSRVQAFKFPNPFPFTPFNKPVYSLTNASWKSFFIRLRKQLGLQEPEEDQQDGESERSL*
Fcapv3,L2,4519..6060,atgccgccccggtccaaaaggactaaaagagattctgcagggaatctgtacaaacattgcctacttggaggagactgtattccagatgttgtcaataaatatgagaacaagactccagccgataaaattttgcaaattggtggaagcctcacttattttggggggctgggcatcggcaccggaaaaggcactggggggaccacggggtacagaccactcgggggggacactggtgtcagagtgggtggtgcacctagtgtcatacgccccaatgtacccattgatcctgtgggcccagtggatgtgctgcccattgacaccctttccaccaatacagaggtcccctccgtcatccccatggttgatgaggggtcagttcccccaataggggcggaggtcgagattgtgggtgaggctggagtcacggggggcggccctctcagtggacccactgtctcctctacaagtgaggaaactgctattcttgaggtagggtcctcatcctcctccactcctcgtcaacgagtttccagacagcaatacaataatccttccttcactcctctcactcacagcactcccacggtaggggaagcaacacttggggacagtattctagtctcccaggacagtactgggaccatcgtgggtggttttgggttcactgctgggccacgtgcaacagaggaaatagaactgcaaacatttactgggcccaggtcaagtaccccccgcacacaggagactggcctttatgagacagtgaaaggccttggcggccgaagatatgtacaagtacaggtcaaggagcctgaatttttatctaaaccggcctcgctggcacagtttgggtttgagaaccctgcatttgaaggggatggttccttcacattcccggtgtcagaggatgtagaggctgcccctcattctgcctttcaggatgtgcagaatttaggaagggcacgctataccagaggtccaggaggccgtctgcgggtcagcagagttggcacgaggggttccatgaggctgcgcagtggcacacatattgggcaaaggcttcacttttaccaggatctcagtactattgacccttatgcagggatagagctttcagtcttaggggagcagtcaggggacagtactatagttttagggtcctctgaaagcacattgattgatgtgccactaggagatgaagaggaagccctacttgtagatgagttagaagaggatttcagtaatgctcaactatctttcactagtgcacgtggcagatctgtaattgttgagcatccaaccagcaccccagaaataacaaaaccagtggtggggacagatattggtgaggggatatttgtgtcacacccggatgcagataagggtgttatgtgggctatacctaaagacacacaggacagaacacatgtacctacagatggtcaaccctctttgttatgggacccatctactggcacatttgacctgcatccgggactcctgagatggcgaaggaagaggcgaagacgccatgatctttaa,MPPRSKRTKRDSAGNLYKHCLLGGDCIPDVVNKYENKTPADKILQIGGSLTYFGGLGIGTGKGTGGTTGYRPLGGDTGVRVGGAPSVIRPNVPIDPVGPVDVLPIDTLSTNTEVPSVIPMVDEGSVPPIGAEVEIVGEAGVTGGGPLSGPTVSSTSEETAILEVGSSSSSTPRQRVSRQQYNNPSFTPLTHSTPTVGEATLGDSILVSQDSTGTIVGGFGFTAGPRATEEIELQTFTGPRSSTPRTQETGLYETVKGLGGRRYVQVQVKEPEFLSKPASLAQFGFENPAFEGDGSFTFPVSEDVEAAPHSAFQDVQNLGRARYTRGPGGRLRVSRVGTRGSMRLRSGTHIGQRLHFYQDLSTIDPYAGIELSVLGEQSGDSTIVLGSSESTLIDVPLGDEEEALLVDELEEDFSNAQLSFTSARGRSVIVEHPTSTPEITKPVVGTDIGEGIFVSHPDADKGVMWAIPKDTQDRTHVPTDGQPSLLWDPSTGTFDLHPGLLRWRRKRRRRHDL*
Fcapv3,E2,2867..4192,atggagaatctgagcgatcgctttgataacctgcaggagacactcttagacctctatgaaaaaggcagccaaaatctgtgtgatcaagttatctactgggagtgcaggagaaaggagagtgtgatgctgcactttgccagaaaacagggcattggtctcttgggaatgaccgctgtcccctctctggcctcaagtgaatctcaggctaagaaagcaattctgatgtgcttgatgcttcagtctttgcaagcaactccttttgcagatgaaaagtggtcaatgactgattgtagcatagaagtggtggaggctgctcctaaaggcatgctgaaaaaggggcctaagtcagtggaggtgtggtttgacaaggacccccagaactgctttccatatactttgtggtcatacatctattatcagagtgtggatggacagtggagaaaagcagagagtcaggtggactatgaagggattttttttgtggactctgatggtgaggtgcgctattattgcaaatttggggtggatgctgctcggttcgctacaactggtcagtggctagtcaagctgggatgtaaaacaatctatgcctctgtttctagttcctccccggaggaacagctcaggcaagcctccgactaccagcaacccaccagcagccgagagtccccgtgggaggacaggcagccaacatccaccacccctaccccccagcaacgggcacaaacccaagcccacagaggagggcgcagtcgggggagagggatccggaccccgtcgccgggacaaggaggacgaagaggaagaggaggagcctcggggtgcggtagggggtcgccgggtgtccttcccagacttgacctctgggacgttcactccccccgaggagacctcggaggaagaagaggcagagtccgacgaggaagaggaggaagagccgggccgccacgactctctcctttcatccctattgaacaagtggggcaaggacctggacgatctacaggagaaggtctgcgccgacctggagaagaccagagagactctgggtatccctccaagccgccccaaacacccgtagttgttgttaagggccctgggaatgctttaaagtgctggcgcaggcgggttaagcataatcaccctgatgcatttgctgctatatctactgttttttcatggatagaaaaggatgggcctaacagaatagggagacatagattgatgataggatttgcaaatgaacaacaattgtatgatttccttgacattgtgagattgccaaggggatgtgatgtatccaaggggtcattggactctttgtga,MENLSDRFDNLQETLLDLYEKGSQNLCDQVIYWECRRKESVMLHFARKQGIGLLGMTAVPSLASSESQAKKAILMCLMLQSLQATPFADEKWSMTDCSIEVVEAAPKGMLKKGPKSVEVWFDKDPQNCFPYTLWSYIYYQSVDGQWRKAESQVDYEGIFFVDSDGEVRYYCKFGVDAARFATTGQWLVKLGCKTIYASVSSSSPEEQLRQASDYQQPTSSRESPWEDRQPTSTTPTPQQRAQTQAHRGGRSRGRGIRTPSPGQGGRRGRGGASGCGRGSPGVLPRLDLWDVHSPRGDLGGRRGRVRRGRGGRAGPPRLSPFIPIEQVGQGPGRSTGEGLRRPGEDQRDSGYPSKPPQTPVVVVKGPGNALKCWRRRVKHNHPDAFAAISTVFSWIEKDGPNRIGRHRLMIGFANEQQLYDFLDIVRLPRGCDVSKGSLDSL*
Fcapv3,E7,819..1112,atgaggggagacaaaccttcaatccaggatattgaactagacctacaggaattggtgctaccagctaatcttttggctgatgaaatcttagaaacggaagaggtggagcctcctccggagtcccaggcatataggattgtcacctgttgtggcatttgtgaaaggaaggtcaggctgtttgtgagtgccacaagcagtcagatcagagtccagcaagagctctttttggccgggctctccattatttgtgtcgcttgttgccgggacctaactcaacatggcggatcgcgataa,MRGDKPSIQDIELDLQELVLPANLLADEILETEEVEPPPESQAYRIVTCCGICERKVRLFVSATSSQIRVQQELFLAGLSIICVACCRDLTQHGGSR*
Fcapv3,L1,6078..7583,atggcatattgggtccagcctcaaggaaagctgtatttgccaccacctaagccagtggcgaaggttatgagcactgatgaatatgtcactccaacgtccatttactatcatggtggcagtgaacgcctggtgactgttgggcatccctactaccccatcttgagcacagacgacaataaggttttggtacctaatgtgtctggtaatcagtatagggtgttcagagttatgtttccagaccctaataagtttgctttggcagaccctaacatttacaaccctgagacagaaagattggtatggcgtttgcagggactccaaataggccggggagggcctttgggggttggtaccactggaaatccattatataacaagttcaaggacactgaaaatcccaacacctacaacacttccacagcagatgaaaggcaaaatgtgtccatcgacccaaaacagacccagctctttattgtgggatgtgttccctgcacaggggagcattgggatgctgcaaagccttgtgctgatgctaactttcaaaagggggactgtccacccttggagctgaaaacaaccatcattgaggatggtcaaatgtgtgacataggttatggggctatgaatttcaaagctttgcaggaagacaaatcaggggtgcctttagaaatttcacagaaaacatgcaagtggcctgattttttraggatggaaaatgataaatatggggacgctatgtttttttatggcaagagggagcagctgtattgcagacattttttcacaagacaaggcacgaatggggaagagatcccaaaggatttatacttgcctggtggctcttctccaaaggataaaccttctttggttaattataatggcacacctagtgggtctttggtaaccagtgattcacagctattcaatagacccttttggttacaaaatgcccagggcaaaaacaatggggtattatgggggaatcaaatgttcctgacagttgttgacaacacaaggaactataattttaccataagtcagggcacgcaagaactgcagtcctttgatcctcaaaacaccaagcaatacttaaggcatacagaagaatatgaggtttcttgcattttgcagctttgcattgtaaagttagaaggagatgttttagcacacattaatgctatgaatcctgacattctagaggattggaatttagggtttgttcctgcaccacagacaggtattgaaactgcatacaggtacctcacttcaaaagctactcggtgtccggacagtgagccagagaagcgtaaggaagatccgtatgctggtatgaacttctggcaggtcaacctgcaggaacggttatctaatgaacttgatcagtttcctctgggcaggaaatttctgtatcaaactggccttaaacaaaggtccaccagggcaaaggtcacaaaaaggacagccacctcatctccgaagcccgcgaagaggaagcgcgccaattaa,MAYWVQPQGKLYLPPPKPVAKVMSTDEYVTPTSIYYHGGSERLVTVGHPYYPILSTDDNKVLVPNVSGNQYRVFRVMFPDPNKFALADPNIYNPETERLVWRLQGLQIGRGGPLGVGTTGNPLYNKFKDTENPNTYNTSTADERQNVSIDPKQTQLFIVGCVPCTGEHWDAAKPCADANFQKGDCPPLELKTTIIEDGQMCDIGYGAMNFKALQEDKSGVPLEISQKTCKWPDFLRMENDKYGDAMFFYGKREQLYCRHFFTRQGTNGEEIPKDLYLPGGSSPKDKPSLVNYNGTPSGSLVTSDSQLFNRPFWLQNAQGKNNGVLWGNQMFLTVVDNTRNYNFTISQGTQELQSFDPQNTKQYLRHTEEYEVSCILQLCIVKLEGDVLAHINAMNPDILEDWNLGFVPAPQTGIETAYRYLTSKATRCPDSEPEKRKEDPYAGMNFWQVNLQERLSNELDQFPLGRKFLYQTGLKQRSTRAKVTKRTATSSPKPAKRKRAN*
Fcapv3,E6,409..822,atggcgaagcagaactccttcgcggggatagccgagctgctcggagttcccgcagagtgtatccttgttcaatgttgcttttgtgggagatggatgaccgaaagggataaaatagactttgattttaaaaagttgggtttgattttacagaatagacagttattgggtgcctgtacagcctgctgtggagaaaaagctgctgcagacgttagagcaaatactacatgttgtctggagattgatggtgcttgcgcattgtcaggaaaatctgtttgtgctttgccagttcggtgcacagtgtgcttaaaagagcttactctcacagagaagttagactgctgcgctgccagggtacccttacagttagtcagaggtgtgtggcgcggaccctgtcgcttatgctttagaggatga,MAKQNSFAGIAELLGVPAECILVQCCFCGRWMTERDKIDFDFKKLGLILQNRQLLGACTACCGEKAAADVRANTTCCLEIDGACALSGKSVCALPVRCTVCLKELTLTEKLDCCAARVPLQLVRGVWRGPCRLCFRG*
Fcapv3,URR,1..408,aataaatttgaaatgagttgtgtctattttttaaagctgtaataaataaagtattttgtttgaaaaacatggccgccctttttctgcatagtcatgatgaccgaaatggatgccaggtgagtaaaccctctcgcctcagatataaatccctgttttggcacaaggtaggtctaagtcttgccaagagccctgtcagcgcaatcggtcgttgcctgagctcgtctttgacaacgctccaacttggcaacagcatcaatcaacacaaccgtttgcggttcagaccgaaagaggttgccaacaaaaaggtaaggcggtgattgttgccaaccaccatttctaatcttgttctaacaaagtaccgggaacggttctctataaaaagaagagaaagtctcaggtttcaagcag
Fcapv3,E1BS,314..334,tgattgttgccaaccaccat
Fcapv3,E2BS,265..277,accgtttgcggt
Fcapv3,E2BS,281..293,accgaaagaggt
Fcapv3,E2BS,358..370,accgggaacggt
Fcapv3,E8^E2,join(1484..1515+3469..4192),atgaaactgaagatattgttgagggggcgcagttcctccccggaggaacagctcaggcaagcctccgactaccagcaacccaccagcagccgagagtccccgtgggaggacaggcagccaacatccaccacccctaccccccagcaacgggcacaaacccaagcccacagaggagggcgcagtcgggggagagggatccggaccccgtcgccgggacaaggaggacgaagaggaagaggaggagcctcggggtgcggtagggggtcgccgggtgtccttcccagacttgacctctgggacgttcactccccccgaggagacctcggaggaagaagaggcagagtccgacgaggaagaggaggaagagccgggccgccacgactctctcctttcatccctattgaacaagtggggcaaggacctggacgatctacaggagaaggtctgcgccgacctggagaagaccagagagactctgggtatccctccaagccgccccaaacacccgtagttgttgttaagggccctgggaatgctttaaagtgctggcgcaggcgggttaagcataatcaccctgatgcatttgctgctatatctactgttttttcatggatagaaaaggatgggcctaacagaatagggagacatagattgatgataggatttgcaaatgaacaacaattgtatgatttccttgacattgtgagattgccaaggggatgtgatgtatccaaggggtcattggactctttgtga,MKLKILLRGRSSSPEEQLRQASDYQQPTSSRESPWEDRQPTSTTPTPQQRAQTQAHRGGRSRGRGIRTPSPGQGGRRGRGGASGCGRGSPGVLPRLDLWDVHSPRGDLGGRRGRVRRGRGGRAGPPRLSPFIPIEQVGQGPGRSTGEGLRRPGEDQRDSGYPSKPPQTPVVVVKGPGNALKCWRRRVKHNHPDAFAAISTVFSWIEKDGPNRIGRHRLMIGFANEQQLYDFLDIVRLPRGCDVSKGSLDSL*
Fcapv3,E1^E4,join(1096..1114+3469..3947),atggcggatcgcgataaagttcctccccggaggaacagctcaggcaagcctccgactaccagcaacccaccagcagccgagagtccccgtgggaggacaggcagccaacatccaccacccctaccccccagcaacgggcacaaacccaagcccacagaggagggcgcagtcgggggagagggatccggaccccgtcgccgggacaaggaggacgaagaggaagaggaggagcctcggggtgcggtagggggtcgccgggtgtccttcccagacttgacctctgggacgttcactccccccgaggagacctcggaggaagaagaggcagagtccgacgaggaagaggaggaagagccgggccgccacgactctctcctttcatccctattgaacaagtggggcaaggacctggacgatctacaggagaaggtctgcgccgacctggagaagaccagagagactctgggtatccctccaagccgccccaaacacccgtag,MADRDKVPPRRNSSGKPPTTSNPPAAESPRGRTGSQHPPPLPPSNGHKPKPTEEGAVGGEGSGPRRRDKEDEEEEEEPRGAVGGRRVSFPDLTSGTFTPPEETSEEEEAESDEEEEEEPGRHDSLLSSLLNKWGKDLDDLQEKVCADLEKTRETLGIPPSRPKHP*
Fcapv3,CG,,aataaatttgaaatgagttgtgtctattttttaaagctgtaataaataaagtattttgtttgaaaaacatggccgccctttttctgcatagtcatgatgaccgaaatggatgccaggtgagtaaaccctctcgcctcagatataaatccctgttttggcacaaggtaggtctaagtcttgccaagagccctgtcagcgcaatcggtcgttgcctgagctcgtctttgacaacgctccaacttggcaacagcatcaatcaacacaaccgtttgcggttcagaccgaaagaggttgccaacaaaaaggtaaggcggtgattgttgccaaccaccatttctaatcttgttctaacaaagtaccgggaacggttctctataaaaagaagagaaagtctcaggtttcaagcagatggcgaagcagaactccttcgcggggatagccgagctgctcggagttcccgcagagtgtatccttgttcaatgttgcttttgtgggagatggatgaccgaaagggataaaatagactttgattttaaaaagttgggtttgattttacagaatagacagttattgggtgcctgtacagcctgctgtggagaaaaagctgctgcagacgttagagcaaatactacatgttgtctggagattgatggtgcttgcgcattgtcaggaaaatctgtttgtgctttgccagttcggtgcacagtgtgcttaaaagagcttactctcacagagaagttagactgctgcgctgccagggtacccttacagttagtcagaggtgtgtggcgcggaccctgtcgcttatgctttagaggatgaggggagacaaaccttcaatccaggatattgaactagacctacaggaattggtgctaccagctaatcttttggctgatgaaatcttagaaacggaagaggtggagcctcctccggagtcccaggcatataggattgtcacctgttgtggcatttgtgaaaggaaggtcaggctgtttgtgagtgccacaagcagtcagatcagagtccagcaagagctctttttggccgggctctccattatttgtgtcgcttgttgccgggacctaactcaacatggcggatcgcgataaaggtaccgattacgattgtgcttctgattctgttgacggggggtggtatttagtaagagaagcagaatgcagttcttttgatgaattagagcatctttttgaggtcagtaccgaaggttcagacatttctaatttactagacgatgactgtgtggtaaatgaaggagagcatcagcaggtgcttaatgagcaaattaatgcgtctgatgccctgcagatccaagctttaaaacgaaagtatttgactcctagcccacagtcaaaagtcccagatctcagtcctcgtctggcatcgattagtataagtcctagtaaaagcagcagcaagcgccggttgtttgaagacagtggcatagaaagtttacagcaaaatgaaactgaagatattgttgagggggcgcaggtaaattctggcaacgcagaacctgcgggccaagactctaatgttaatttcttaagaacctatagttctgctgcagctttgttcacagcgtttaaagatgtgtttgggattggtttaaaagaactcatgagaccatttaaaagtgaaaagacatgctcgcatgaatgggtagcctgtgtgtatggggcaagggaagaggtgatagaggggtcgaaaacattgctgcagcagcattgtgatttttttcagatgaatattaggacaggtgctttgggatttctagtgctgtatttgttgtcttgcaaaactggcaagagtaaggagacgttgaagaaaatgctgatgacagtgcttaatgtgtcagagagacagatttatgcggaccctcccagaaacaggagtctccctgttgcattgtttttttataagaaagggatggcgggagattgttttaaacacggggcatatccagattggttggctaagcaggtgcttgttactcatcaggcaaggtccgagacatttgaattgtctactatggtccaatgggcatatgacaataagtacacagatgaagcagagatagcttttcattatgcacgtttggcagaggaggatgcaaatgcagaggcttggttaaaaagcaactcccaagctaaatatgtccgagattgtgcgcaaatggtgaagctgtatcttagacaagaaatgaggcagactactatttctgaatggattgacaagtgctgccagtcagtgacagaggacggtgactggggggatattatgcgcttcttaaaatatcagcaagtcaatttcactcagtttttaactgccatgagaaatgctttagagggtaaacctaaaaaaaactgcttagtattttatgggcctccagatactggcaagtcatatttctgctttagtttggttagttttatgcaggggaaagtggtgaattttatgaatagcaaaagccatttttggctgatgcctttgacagagactaagatgggcatgttggatgatgccacccatgcatgctggtcctttattgatacttatatgcgcaatgctttagatggtaatcctgtttcagtagattgcaaacaccgtgtcccagttcaaatcaaattaccacccttgctgattacttccaacatagatatttttgctgaagatcgctacagatacctatacagtcgggtgcaggcatttaaatttcccaacccctttccctttacaccttttaataagccagtatattccttgactaatgctagctggaaatcttttttcataaggctccgcaaacaattaggcctacaggagcctgaggaggaccagcaggatggagaatctgagcgatcgctttgataacctgcaggagacactcttagacctctatgaaaaaggcagccaaaatctgtgtgatcaagttatctactgggagtgcaggagaaaggagagtgtgatgctgcactttgccagaaaacagggcattggtctcttgggaatgaccgctgtcccctctctggcctcaagtgaatctcaggctaagaaagcaattctgatgtgcttgatgcttcagtctttgcaagcaactccttttgcagatgaaaagtggtcaatgactgattgtagcatagaagtggtggaggctgctcctaaaggcatgctgaaaaaggggcctaagtcagtggaggtgtggtttgacaaggacccccagaactgctttccatatactttgtggtcatacatctattatcagagtgtggatggacagtggagaaaagcagagagtcaggtggactatgaagggattttttttgtggactctgatggtgaggtgcgctattattgcaaatttggggtggatgctgctcggttcgctacaactggtcagtggctagtcaagctgggatgtaaaacaatctatgcctctgtttctagttcctccccggaggaacagctcaggcaagcctccgactaccagcaacccaccagcagccgagagtccccgtgggaggacaggcagccaacatccaccacccctaccccccagcaacgggcacaaacccaagcccacagaggagggcgcagtcgggggagagggatccggaccccgtcgccgggacaaggaggacgaagaggaagaggaggagcctcggggtgcggtagggggtcgccgggtgtccttcccagacttgacctctgggacgttcactccccccgaggagacctcggaggaagaagaggcagagtccgacgaggaagaggaggaagagccgggccgccacgactctctcctttcatccctattgaacaagtggggcaaggacctggacgatctacaggagaaggtctgcgccgacctggagaagaccagagagactctgggtatccctccaagccgccccaaacacccgtagttgttgttaagggccctgggaatgctttaaagtgctggcgcaggcgggttaagcataatcaccctgatgcatttgctgctatatctactgttttttcatggatagaaaaggatgggcctaacagaatagggagacatagattgatgataggatttgcaaatgaacaacaattgtatgatttccttgacattgtgagattgccaaggggatgtgatgtatccaaggggtcattggactctttgtgaattgtgaattggtcacagctgttgcgttttagacacggactgttgatagtatatttttgtatggtttttatacttttatatccactttttgtactgttatttttttatatactgagactgagagaggcagttactattgcttatattgtttgtaattgttacagtgacagttgctttattgtgttgtgtccacaagctcacaccagccacgaggtcatttaccacctgagttccacagtctgtaatccaccagaccatctactttgcttttttctattcttttctgctgctttgcttgctttctctattaatccactaaccgagagatgccgccccggtccaaaaggactaaaagagattctgcagggaatctgtacaaacattgcctacttggaggagactgtattccagatgttgtcaataaatatgagaacaagactccagccgataaaattttgcaaattggtggaagcctcacttattttggggggctgggcatcggcaccggaaaaggcactggggggaccacggggtacagaccactcgggggggacactggtgtcagagtgggtggtgcacctagtgtcatacgccccaatgtacccattgatcctgtgggcccagtggatgtgctgcccattgacaccctttccaccaatacagaggtcccctccgtcatccccatggttgatgaggggtcagttcccccaataggggcggaggtcgagattgtgggtgaggctggagtcacggggggcggccctctcagtggacccactgtctcctctacaagtgaggaaactgctattcttgaggtagggtcctcatcctcctccactcctcgtcaacgagtttccagacagcaatacaataatccttccttcactcctctcactcacagcactcccacggtaggggaagcaacacttggggacagtattctagtctcccaggacagtactgggaccatcgtgggtggttttgggttcactgctgggccacgtgcaacagaggaaatagaactgcaaacatttactgggcccaggtcaagtaccccccgcacacaggagactggcctttatgagacagtgaaaggccttggcggccgaagatatgtacaagtacaggtcaaggagcctgaatttttatctaaaccggcctcgctggcacagtttgggtttgagaaccctgcatttgaaggggatggttccttcacattcccggtgtcagaggatgtagaggctgcccctcattctgcctttcaggatgtgcagaatttaggaagggcacgctataccagaggtccaggaggccgtctgcgggtcagcagagttggcacgaggggttccatgaggctgcgcagtggcacacatattgggcaaaggcttcacttttaccaggatctcagtactattgacccttatgcagggatagagctttcagtcttaggggagcagtcaggggacagtactatagttttagggtcctctgaaagcacattgattgatgtgccactaggagatgaagaggaagccctacttgtagatgagttagaagaggatttcagtaatgctcaactatctttcactagtgcacgtggcagatctgtaattgttgagcatccaaccagcaccccagaaataacaaaaccagtggtggggacagatattggtgaggggatatttgtgtcacacccggatgcagataagggtgttatgtgggctatacctaaagacacacaggacagaacacatgtacctacagatggtcaaccctctttgttatgggacccatctactggcacatttgacctgcatccgggactcctgagatggcgaaggaagaggcgaagacgccatgatctttaactttcttttgcaggacaatggcatattgggtccagcctcaaggaaagctgtatttgccaccacctaagccagtggcgaaggttatgagcactgatgaatatgtcactccaacgtccatttactatcatggtggcagtgaacgcctggtgactgttgggcatccctactaccccatcttgagcacagacgacaataaggttttggtacctaatgtgtctggtaatcagtatagggtgttcagagttatgtttccagaccctaataagtttgctttggcagaccctaacatttacaaccctgagacagaaagattggtatggcgtttgcagggactccaaataggccggggagggcctttgggggttggtaccactggaaatccattatataacaagttcaaggacactgaaaatcccaacacctacaacacttccacagcagatgaaaggcaaaatgtgtccatcgacccaaaacagacccagctctttattgtgggatgtgttccctgcacaggggagcattgggatgctgcaaagccttgtgctgatgctaactttcaaaagggggactgtccacccttggagctgaaaacaaccatcattgaggatggtcaaatgtgtgacataggttatggggctatgaatttcaaagctttgcaggaagacaaatcaggggtgcctttagaaatttcacagaaaacatgcaagtggcctgattttttraggatggaaaatgataaatatggggacgctatgtttttttatggcaagagggagcagctgtattgcagacattttttcacaagacaaggcacgaatggggaagagatcccaaaggatttatacttgcctggtggctcttctccaaaggataaaccttctttggttaattataatggcacacctagtgggtctttggtaaccagtgattcacagctattcaatagacccttttggttacaaaatgcccagggcaaaaacaatggggtattatgggggaatcaaatgttcctgacagttgttgacaacacaaggaactataattttaccataagtcagggcacgcaagaactgcagtcctttgatcctcaaaacaccaagcaatacttaaggcatacagaagaatatgaggtttcttgcattttgcagctttgcattgtaaagttagaaggagatgttttagcacacattaatgctatgaatcctgacattctagaggattggaatttagggtttgttcctgcaccacagacaggtattgaaactgcatacaggtacctcacttcaaaagctactcggtgtccggacagtgagccagagaagcgtaaggaagatccgtatgctggtatgaacttctggcaggtcaacctgcaggaacggttatctaatgaacttgatcagtttcctctgggcaggaaatttctgtatcaaactggccttaaacaaaggtccaccagggcaaaggtcacaaaaaggacagccacctcatctccgaagcccgcgaagaggaagcgcgccaattaa
Fcapv3,E1,1096..2892,atggcggatcgcgataaaggtaccgattacgattgtgcttctgattctgttgacggggggtggtatttagtaagagaagcagaatgcagttcttttgatgaattagagcatctttttgaggtcagtaccgaaggttcagacatttctaatttactagacgatgactgtgtggtaaatgaaggagagcatcagcaggtgcttaatgagcaaattaatgcgtctgatgccctgcagatccaagctttaaaacgaaagtatttgactcctagcccacagtcaaaagtcccagatctcagtcctcgtctggcatcgattagtataagtcctagtaaaagcagcagcaagcgccggttgtttgaagacagtggcatagaaagtttacagcaaaatgaaactgaagatattgttgagggggcgcaggtaaattctggcaacgcagaacctgcgggccaagactctaatgttaatttcttaagaacctatagttctgctgcagctttgttcacagcgtttaaagatgtgtttgggattggtttaaaagaactcatgagaccatttaaaagtgaaaagacatgctcgcatgaatgggtagcctgtgtgtatggggcaagggaagaggtgatagaggggtcgaaaacattgctgcagcagcattgtgatttttttcagatgaatattaggacaggtgctttgggatttctagtgctgtatttgttgtcttgcaaaactggcaagagtaaggagacgttgaagaaaatgctgatgacagtgcttaatgtgtcagagagacagatttatgcggaccctcccagaaacaggagtctccctgttgcattgtttttttataagaaagggatggcgggagattgttttaaacacggggcatatccagattggttggctaagcaggtgcttgttactcatcaggcaaggtccgagacatttgaattgtctactatggtccaatgggcatatgacaataagtacacagatgaagcagagatagcttttcattatgcacgtttggcagaggaggatgcaaatgcagaggcttggttaaaaagcaactcccaagctaaatatgtccgagattgtgcgcaaatggtgaagctgtatcttagacaagaaatgaggcagactactatttctgaatggattgacaagtgctgccagtcagtgacagaggacggtgactggggggatattatgcgcttcttaaaatatcagcaagtcaatttcactcagtttttaactgccatgagaaatgctttagagggtaaacctaaaaaaaactgcttagtattttatgggcctccagatactggcaagtcatatttctgctttagtttggttagttttatgcaggggaaagtggtgaattttatgaatagcaaaagccatttttggctgatgcctttgacagagactaagatgggcatgttggatgatgccacccatgcatgctggtcctttattgatacttatatgcgcaatgctttagatggtaatcctgtttcagtagattgcaaacaccgtgtcccagttcaaatcaaattaccacccttgctgattacttccaacatagatatttttgctgaagatcgctacagatacctatacagtcgggtgcaggcatttaaatttcccaacccctttccctttacaccttttaataagccagtatattccttgactaatgctagctggaaatcttttttcataaggctccgcaaacaattaggcctacaggagcctgaggaggaccagcaggatggagaatctgagcgatcgctttga,MADRDKGTDYDCASDSVDGGWYLVREAECSSFDELEHLFEVSTEGSDISNLLDDDCVVNEGEHQQVLNEQINASDALQIQALKRKYLTPSPQSKVPDLSPRLASISISPSKSSSKRRLFEDSGIESLQQNETEDIVEGAQVNSGNAEPAGQDSNVNFLRTYSSAAALFTAFKDVFGIGLKELMRPFKSEKTCSHEWVACVYGAREEVIEGSKTLLQQHCDFFQMNIRTGALGFLVLYLLSCKTGKSKETLKKMLMTVLNVSERQIYADPPRNRSLPVALFFYKKGMAGDCFKHGAYPDWLAKQVLVTHQARSETFELSTMVQWAYDNKYTDEAEIAFHYARLAEEDANAEAWLKSNSQAKYVRDCAQMVKLYLRQEMRQTTISEWIDKCCQSVTEDGDWGDIMRFLKYQQVNFTQFLTAMRNALEGKPKKNCLVFYGPPDTGKSYFCFSLVSFMQGKVVNFMNSKSHFWLMPLTETKMGMLDDATHACWSFIDTYMRNALDGNPVSVDCKHRVPVQIKLPPLLITSNIDIFAEDRYRYLYSRVQAFKFPNPFPFTPFNKPVYSLTNASWKSFFIRLRKQLGLQEPEEDQQDGESERSL*
Fcapv3,L2,4519..6060,atgccgccccggtccaaaaggactaaaagagattctgcagggaatctgtacaaacattgcctacttggaggagactgtattccagatgttgtcaataaatatgagaacaagactccagccgataaaattttgcaaattggtggaagcctcacttattttggggggctgggcatcggcaccggaaaaggcactggggggaccacggggtacagaccactcgggggggacactggtgtcagagtgggtggtgcacctagtgtcatacgccccaatgtacccattgatcctgtgggcccagtggatgtgctgcccattgacaccctttccaccaatacagaggtcccctccgtcatccccatggttgatgaggggtcagttcccccaataggggcggaggtcgagattgtgggtgaggctggagtcacggggggcggccctctcagtggacccactgtctcctctacaagtgaggaaactgctattcttgaggtagggtcctcatcctcctccactcctcgtcaacgagtttccagacagcaatacaataatccttccttcactcctctcactcacagcactcccacggtaggggaagcaacacttggggacagtattctagtctcccaggacagtactgggaccatcgtgggtggttttgggttcactgctgggccacgtgcaacagaggaaatagaactgcaaacatttactgggcccaggtcaagtaccccccgcacacaggagactggcctttatgagacagtgaaaggccttggcggccgaagatatgtacaagtacaggtcaaggagcctgaatttttatctaaaccggcctcgctggcacagtttgggtttgagaaccctgcatttgaaggggatggttccttcacattcccggtgtcagaggatgtagaggctgcccctcattctgcctttcaggatgtgcagaatttaggaagggcacgctataccagaggtccaggaggccgtctgcgggtcagcagagttggcacgaggggttccatgaggctgcgcagtggcacacatattgggcaaaggcttcacttttaccaggatctcagtactattgacccttatgcagggatagagctttcagtcttaggggagcagtcaggggacagtactatagttttagggtcctctgaaagcacattgattgatgtgccactaggagatgaagaggaagccctacttgtagatgagttagaagaggatttcagtaatgctcaactatctttcactagtgcacgtggcagatctgtaattgttgagcatccaaccagcaccccagaaataacaaaaccagtggtggggacagatattggtgaggggatatttgtgtcacacccggatgcagataagggtgttatgtgggctatacctaaagacacacaggacagaacacatgtacctacagatggtcaaccctctttgttatgggacccatctactggcacatttgacctgcatccgggactcctgagatggcgaaggaagaggcgaagacgccatgatctttaa,MPPRSKRTKRDSAGNLYKHCLLGGDCIPDVVNKYENKTPADKILQIGGSLTYFGGLGIGTGKGTGGTTGYRPLGGDTGVRVGGAPSVIRPNVPIDPVGPVDVLPIDTLSTNTEVPSVIPMVDEGSVPPIGAEVEIVGEAGVTGGGPLSGPTVSSTSEETAILEVGSSSSSTPRQRVSRQQYNNPSFTPLTHSTPTVGEATLGDSILVSQDSTGTIVGGFGFTAGPRATEEIELQTFTGPRSSTPRTQETGLYETVKGLGGRRYVQVQVKEPEFLSKPASLAQFGFENPAFEGDGSFTFPVSEDVEAAPHSAFQDVQNLGRARYTRGPGGRLRVSRVGTRGSMRLRSGTHIGQRLHFYQDLSTIDPYAGIELSVLGEQSGDSTIVLGSSESTLIDVPLGDEEEALLVDELEEDFSNAQLSFTSARGRSVIVEHPTSTPEITKPVVGTDIGEGIFVSHPDADKGVMWAIPKDTQDRTHVPTDGQPSLLWDPSTGTFDLHPGLLRWRRKRRRRHDL*
Fcapv3,E2,2867..4192,atggagaatctgagcgatcgctttgataacctgcaggagacactcttagacctctatgaaaaaggcagccaaaatctgtgtgatcaagttatctactgggagtgcaggagaaaggagagtgtgatgctgcactttgccagaaaacagggcattggtctcttgggaatgaccgctgtcccctctctggcctcaagtgaatctcaggctaagaaagcaattctgatgtgcttgatgcttcagtctttgcaagcaactccttttgcagatgaaaagtggtcaatgactgattgtagcatagaagtggtggaggctgctcctaaaggcatgctgaaaaaggggcctaagtcagtggaggtgtggtttgacaaggacccccagaactgctttccatatactttgtggtcatacatctattatcagagtgtggatggacagtggagaaaagcagagagtcaggtggactatgaagggattttttttgtggactctgatggtgaggtgcgctattattgcaaatttggggtggatgctgctcggttcgctacaactggtcagtggctagtcaagctgggatgtaaaacaatctatgcctctgtttctagttcctccccggaggaacagctcaggcaagcctccgactaccagcaacccaccagcagccgagagtccccgtgggaggacaggcagccaacatccaccacccctaccccccagcaacgggcacaaacccaagcccacagaggagggcgcagtcgggggagagggatccggaccccgtcgccgggacaaggaggacgaagaggaagaggaggagcctcggggtgcggtagggggtcgccgggtgtccttcccagacttgacctctgggacgttcactccccccgaggagacctcggaggaagaagaggcagagtccgacgaggaagaggaggaagagccgggccgccacgactctctcctttcatccctattgaacaagtggggcaaggacctggacgatctacaggagaaggtctgcgccgacctggagaagaccagagagactctgggtatccctccaagccgccccaaacacccgtagttgttgttaagggccctgggaatgctttaaagtgctggcgcaggcgggttaagcataatcaccctgatgcatttgctgctatatctactgttttttcatggatagaaaaggatgggcctaacagaatagggagacatagattgatgataggatttgcaaatgaacaacaattgtatgatttccttgacattgtgagattgccaaggggatgtgatgtatccaaggggtcattggactctttgtga,MENLSDRFDNLQETLLDLYEKGSQNLCDQVIYWECRRKESVMLHFARKQGIGLLGMTAVPSLASSESQAKKAILMCLMLQSLQATPFADEKWSMTDCSIEVVEAAPKGMLKKGPKSVEVWFDKDPQNCFPYTLWSYIYYQSVDGQWRKAESQVDYEGIFFVDSDGEVRYYCKFGVDAARFATTGQWLVKLGCKTIYASVSSSSPEEQLRQASDYQQPTSSRESPWEDRQPTSTTPTPQQRAQTQAHRGGRSRGRGIRTPSPGQGGRRGRGGASGCGRGSPGVLPRLDLWDVHSPRGDLGGRRGRVRRGRGGRAGPPRLSPFIPIEQVGQGPGRSTGEGLRRPGEDQRDSGYPSKPPQTPVVVVKGPGNALKCWRRRVKHNHPDAFAAISTVFSWIEKDGPNRIGRHRLMIGFANEQQLYDFLDIVRLPRGCDVSKGSLDSL*
Fcapv3,E7,819..1112,atgaggggagacaaaccttcaatccaggatattgaactagacctacaggaattggtgctaccagctaatcttttggctgatgaaatcttagaaacggaagaggtggagcctcctccggagtcccaggcatataggattgtcacctgttgtggcatttgtgaaaggaaggtcaggctgtttgtgagtgccacaagcagtcagatcagagtccagcaagagctctttttggccgggctctccattatttgtgtcgcttgttgccgggacctaactcaacatggcggatcgcgataa,MRGDKPSIQDIELDLQELVLPANLLADEILETEEVEPPPESQAYRIVTCCGICERKVRLFVSATSSQIRVQQELFLAGLSIICVACCRDLTQHGGSR*
Fcapv3,L1,6078..7583,atggcatattgggtccagcctcaaggaaagctgtatttgccaccacctaagccagtggcgaaggttatgagcactgatgaatatgtcactccaacgtccatttactatcatggtggcagtgaacgcctggtgactgttgggcatccctactaccccatcttgagcacagacgacaataaggttttggtacctaatgtgtctggtaatcagtatagggtgttcagagttatgtttccagaccctaataagtttgctttggcagaccctaacatttacaaccctgagacagaaagattggtatggcgtttgcagggactccaaataggccggggagggcctttgggggttggtaccactggaaatccattatataacaagttcaaggacactgaaaatcccaacacctacaacacttccacagcagatgaaaggcaaaatgtgtccatcgacccaaaacagacccagctctttattgtgggatgtgttccctgcacaggggagcattgggatgctgcaaagccttgtgctgatgctaactttcaaaagggggactgtccacccttggagctgaaaacaaccatcattgaggatggtcaaatgtgtgacataggttatggggctatgaatttcaaagctttgcaggaagacaaatcaggggtgcctttagaaatttcacagaaaacatgcaagtggcctgattttttraggatggaaaatgataaatatggggacgctatgtttttttatggcaagagggagcagctgtattgcagacattttttcacaagacaaggcacgaatggggaagagatcccaaaggatttatacttgcctggtggctcttctccaaaggataaaccttctttggttaattataatggcacacctagtgggtctttggtaaccagtgattcacagctattcaatagacccttttggttacaaaatgcccagggcaaaaacaatggggtattatgggggaatcaaatgttcctgacagttgttgacaacacaaggaactataattttaccataagtcagggcacgcaagaactgcagtcctttgatcctcaaaacaccaagcaatacttaaggcatacagaagaatatgaggtttcttgcattttgcagctttgcattgtaaagttagaaggagatgttttagcacacattaatgctatgaatcctgacattctagaggattggaatttagggtttgttcctgcaccacagacaggtattgaaactgcatacaggtacctcacttcaaaagctactcggtgtccggacagtgagccagagaagcgtaaggaagatccgtatgctggtatgaacttctggcaggtcaacctgcaggaacggttatctaatgaacttgatcagtttcctctgggcaggaaatttctgtatcaaactggccttaaacaaaggtccaccagggcaaaggtcacaaaaaggacagccacctcatctccgaagcccgcgaagaggaagcgcgccaattaa,MAYWVQPQGKLYLPPPKPVAKVMSTDEYVTPTSIYYHGGSERLVTVGHPYYPILSTDDNKVLVPNVSGNQYRVFRVMFPDPNKFALADPNIYNPETERLVWRLQGLQIGRGGPLGVGTTGNPLYNKFKDTENPNTYNTSTADERQNVSIDPKQTQLFIVGCVPCTGEHWDAAKPCADANFQKGDCPPLELKTTIIEDGQMCDIGYGAMNFKALQEDKSGVPLEISQKTCKWPDFLRMENDKYGDAMFFYGKREQLYCRHFFTRQGTNGEEIPKDLYLPGGSSPKDKPSLVNYNGTPSGSLVTSDSQLFNRPFWLQNAQGKNNGVLWGNQMFLTVVDNTRNYNFTISQGTQELQSFDPQNTKQYLRHTEEYEVSCILQLCIVKLEGDVLAHINAMNPDILEDWNLGFVPAPQTGIETAYRYLTSKATRCPDSEPEKRKEDPYAGMNFWQVNLQERLSNELDQFPLGRKFLYQTGLKQRSTRAKVTKRTATSSPKPAKRKRAN*
Fcapv3,E6,409..822,atggcgaagcagaactccttcgcggggatagccgagctgctcggagttcccgcagagtgtatccttgttcaatgttgcttttgtgggagatggatgaccgaaagggataaaatagactttgattttaaaaagttgggtttgattttacagaatagacagttattgggtgcctgtacagcctgctgtggagaaaaagctgctgcagacgttagagcaaatactacatgttgtctggagattgatggtgcttgcgcattgtcaggaaaatctgtttgtgctttgccagttcggtgcacagtgtgcttaaaagagcttactctcacagagaagttagactgctgcgctgccagggtacccttacagttagtcagaggtgtgtggcgcggaccctgtcgcttatgctttagaggatga,MAKQNSFAGIAELLGVPAECILVQCCFCGRWMTERDKIDFDFKKLGLILQNRQLLGACTACCGEKAAADVRANTTCCLEIDGACALSGKSVCALPVRCTVCLKELTLTEKLDCCAARVPLQLVRGVWRGPCRLCFRG*
Fcapv3,URR,1..408,aataaatttgaaatgagttgtgtctattttttaaagctgtaataaataaagtattttgtttgaaaaacatggccgccctttttctgcatagtcatgatgaccgaaatggatgccaggtgagtaaaccctctcgcctcagatataaatccctgttttggcacaaggtaggtctaagtcttgccaagagccctgtcagcgcaatcggtcgttgcctgagctcgtctttgacaacgctccaacttggcaacagcatcaatcaacacaaccgtttgcggttcagaccgaaagaggttgccaacaaaaaggtaaggcggtgattgttgccaaccaccatttctaatcttgttctaacaaagtaccgggaacggttctctataaaaagaagagaaagtctcaggtttcaagcag
Fcapv3,E1BS,314..334,tgattgttgccaaccaccat
Fcapv3,E2BS,358..370,accgggaacggt
Fcapv3,E2BS,281..293,accgaaagaggt
Fcapv3,E2BS,265..277,accgtttgcggt
Fcapv3,E8^E2,join(1484..1515+3469..4192),atgaaactgaagatattgttgagggggcgcagttcctccccggaggaacagctcaggcaagcctccgactaccagcaacccaccagcagccgagagtccccgtgggaggacaggcagccaacatccaccacccctaccccccagcaacgggcacaaacccaagcccacagaggagggcgcagtcgggggagagggatccggaccccgtcgccgggacaaggaggacgaagaggaagaggaggagcctcggggtgcggtagggggtcgccgggtgtccttcccagacttgacctctgggacgttcactccccccgaggagacctcggaggaagaagaggcagagtccgacgaggaagaggaggaagagccgggccgccacgactctctcctttcatccctattgaacaagtggggcaaggacctggacgatctacaggagaaggtctgcgccgacctggagaagaccagagagactctgggtatccctccaagccgccccaaacacccgtagttgttgttaagggccctgggaatgctttaaagtgctggcgcaggcgggttaagcataatcaccctgatgcatttgctgctatatctactgttttttcatggatagaaaaggatgggcctaacagaatagggagacatagattgatgataggatttgcaaatgaacaacaattgtatgatttccttgacattgtgagattgccaaggggatgtgatgtatccaaggggtcattggactctttgtga,MKLKILLRGRSSSPEEQLRQASDYQQPTSSRESPWEDRQPTSTTPTPQQRAQTQAHRGGRSRGRGIRTPSPGQGGRRGRGGASGCGRGSPGVLPRLDLWDVHSPRGDLGGRRGRVRRGRGGRAGPPRLSPFIPIEQVGQGPGRSTGEGLRRPGEDQRDSGYPSKPPQTPVVVVKGPGNALKCWRRRVKHNHPDAFAAISTVFSWIEKDGPNRIGRHRLMIGFANEQQLYDFLDIVRLPRGCDVSKGSLDSL*
Fcapv3,E1^E4,join(1096..1114+3469..3947),atggcggatcgcgataaagttcctccccggaggaacagctcaggcaagcctccgactaccagcaacccaccagcagccgagagtccccgtgggaggacaggcagccaacatccaccacccctaccccccagcaacgggcacaaacccaagcccacagaggagggcgcagtcgggggagagggatccggaccccgtcgccgggacaaggaggacgaagaggaagaggaggagcctcggggtgcggtagggggtcgccgggtgtccttcccagacttgacctctgggacgttcactccccccgaggagacctcggaggaagaagaggcagagtccgacgaggaagaggaggaagagccgggccgccacgactctctcctttcatccctattgaacaagtggggcaaggacctggacgatctacaggagaaggtctgcgccgacctggagaagaccagagagactctgggtatccctccaagccgccccaaacacccgtag,MADRDKVPPRRNSSGKPPTTSNPPAAESPRGRTGSQHPPPLPPSNGHKPKPTEEGAVGGEGSGPRRRDKEDEEEEEEPRGAVGGRRVSFPDLTSGTFTPPEETSEEEEAESDEEEEEEPGRHDSLLSSLLNKWGKDLDDLQEKVCADLEKTRETLGIPPSRPKHP*
