HPV16REF,CG,,gtattgtatgtatgttgaattagtgttgtttgttgtgtatatgtttgtatgtgcttgtatgtgcttgtaaatattaagttgtatgtgtgtttgtatgtatggtataataaacacgtgtgtatgtgtttttaaatgcttgtgtaactattgtgtcatgcaacataaataaacttattgtttcaacacctactaattgtgttgtggttattcattgtatataaactatatttgctacatcctgtttttgttttatatatactatattttgtagcgccagcggccattttgtagcttcaaccgaattcggttgcatgctttttggcacaaaatgtgtttttttaaatagttctatgtcagcaactatggtttaaacttgtacgtttcctgcttgccatgcgtgccaaatccctgttttcctgacctgcactgcttgccaaccattccattgttttttacactgcactatgtgcaactactgaatcactatgtacattgtgtcatataaaataaatcactatgcgccaacgccttacataccgctgttaggcacatatttttggcttgttttaactaacctaattgcatatttggcataaggtttaaacttctaaggccaactaaatgtcaccctagttcatacatgaactgtgtaaaggttagtcatacattgttcatttgtaaaactgcacatgggtgtgtgcaaaccgttttgggttacacatttacaagcaacttatataataatactaaactacaataattcatgtataaaactaagggcgtaaccgaaatcggttgaaccgaaaccggttagtataaaagcagacattttatgcaccaaaagagaactgcaatgtttcaggacccacaggagcgacccagaaagttaccacagttatgcacagagctgcaaacaactatacatgatataatattagaatgtgtgtactgcaagcaacagttactgcgacgtgaggtatatgactttgcttttcgggatttatgcatagtatatagagatgggaatccatatgctgtatgtgataaatgtttaaagttttattctaaaattagtgagtatagacattattgttatagtttgtatggaacaacattagaacagcaatacaacaaaccgttgtgtgatttgttaattaggtgtattaactgtcaaaagccactgtgtcctgaagaaaagcaaagacatctggacaaaaagcaaagattccataatataaggggtcggtggaccggtcgatgtatgtcttgttgcagatcatcaagaacacgtagagaaacccagctgtaatcatgcatggagatacacctacattgcatgaatatatgttagatttgcaaccagagacaactgatctctactgttatgagcaattaaatgacagctcagaggaggaggatgaaatagatggtccagctggacaagcagaaccggacagagcccattacaatattgtaaccttttgttgcaagtgtgactctacgcttcggttgtgcgtacaaagcacacacgtagacattcgtactttggaagacctgttaatgggcacactaggaattgtgtgccccatctgttctcagaaaccataatctaccatggctgatcctgcaggtaccaatggggaagagggtacgggatgtaatggatggttttatgtagaggctgtagtggaaaaaaaaacaggggatgctatatcagatgacgagaacgaaaatgacagtgatacaggtgaagatttggtagattttatagtaaatgataatgattatttaacacaggcagaaacagagacagcacatgcgttgtttactgcacaggaagcaaaacaacatagagatgcagtacaggttctaaaacgaaagtatttgggtagtccacttagtgatattagtggatgtgtagacaataatattagtcctagattaaaagctatatgtatagaaaaacaaagtagagctgcaaaaaggagattatttgaaagcgaagacagcgggtatggcaatactgaagtggaaactcagcagatgttacaggtagaagggcgccatgagactgaaacaccatgtagtcagtatagtggtggaagtgggggtggttgcagtcagtacagtagtggaagtgggggagagggtgttagtgaaagacacactatatgccaaacaccacttacaaatattttaaatgtactaaaaactagtaatgcaaaggcagcaatgttagcaaaatttaaagagttatacggggtgagtttttcagaattagtaagaccatttaaaagtaataaatcaacgtgttgcgattggtgtattgctgcatttggacttacacccagtatagctgacagtataaaaacactattacaacaatattgtttatatttacacattcaaagtttagcatgttcatggggaatggttgtgttactattagtaagatataaatgtggaaaaaatagagaaacaattgaaaaattgctgtctaaactattatgtgtgtctccaatgtgtatgatgatagagcctccaaaattgcgtagtacagcagcagcattatattggtataaaacaggtatatcaaatattagtgaagtgtatggagacacgccagaatggatacaaagacaaacagtattacaacatagttttaatgattgtacatttgaattatcacagatggtacaatgggcctacgataatgacatagtagacgatagtgaaattgcatataaatatgcacaattggcagacactaatagtaatgcaagtgcctttctaaaaagtaattcacaggcaaaaattgtaaaggattgtgcaacaatgtgtagacattataaacgagcagaaaaaaaacaaatgagtatgagtcaatggataaaatatagatgtgatagggtagatgatggaggtgattggaagcaaattgttatgtttttaaggtatcaaggtgtagagtttatgtcatttttaactgcattaaaaagatttttgcaaggcatacctaaaaaaaattgcatattactatatggtgcagctaacacaggtaaatcattatttggtatgagtttaatgaaatttctgcaagggtctgtaatatgttttgtaaattctaaaagccatttttggttacaaccattagcagatgccaaaataggtatgttagatgatgctacagtgccctgttggaactacatagatgacaatttaagaaatgcattggatggaaatttagtttctatggatgtaaagcatagaccattggtacaactaaaatgccctccattattaattacatctaacattaatgctggtacagattctaggtggccttatttacataatagattggtggtgtttacatttcctaatgagtttccatttgacgaaaacggaaatccagtgtatgagcttaatgataagaactggaaatcctttttctcaaggacgtggtccagattaagtttgcacgaggacgaggacaaggaaaacgatggagactctttgccaacgtttaaatgtgtgtcaggacaaaatactaacacattatgaaaatgatagtacagacctacgtgaccatatagactattggaaacacatgcgcctagaatgtgctatttattacaaggccagagaaatgggatttaaacatattaaccaccaggtggtgccaacactggctgtatcaaagaataaagcattacaagcaattgaactgcaactaacgttagaaacaatatataactcacaatatagtaatgaaaagtggacattacaagacgttagccttgaagtgtatttaactgcaccaacaggatgtataaaaaaacatggatatacagtggaagtgcagtttgatggagacatatgcaatacaatgcattatacaaactggacacatatatatatttgtgaagaagcatcagtaactgtggtagagggtcaagttgactattatggtttatattatgttcatgaaggaatacgaacatattttgtgcagtttaaagatgatgcagaaaaatatagtaaaaataaagtatgggaagttcatgcgggtggtcaggtaatattatgtcctacatctgtgtttagcagcaacgaagtatcctctcctgaaattattaggcagcacttggccaaccaccccgccgcgacccataccaaagccgtcgccttgggcaccgaagaaacacagacgactatccagcgaccaagatcagagccagacaccggaaacccctgccacaccactaagttgttgcacagagactcagtggacagtgctccaatcctcactgcatttaacagctcacacaaaggacggattaactgtaatagtaacactacacccatagtacatttaaaaggtgatgctaatactttaaaatgtttaagatatagatttaaaaagcattgtacattgtatactgcagtgtcgtctacatggcattggacaggacataatgtaaaacataaaagtgcaattgttacacttacatatgatagtgaatggcaacgtgaccaatttttgtctcaagttaaaataccaaaaactattacagtgtctactggatttatgtctatatgacaaatcttgatactgcatccacaacattactggcgtgctttttgctttgcttttgtgtgcttttgtgtgtctgcctattaatacgtccgctgcttttgtctgtgtctacatacacatcattaataatattggtattactattgtggataacagcagcctctgcgtttaggtgttttattgtatatattatatttgtttatataccattatttttaatacatacacatgcacgctttttaattacataatgtatatgtacataatgtaattgttacatataattgttgtataccataacttactattttttcttttttattttcatatataatttttttttttgtttgtttgtttgttttttaataaactgttattacttaacaatgcgacacaaacgttctgcaaaacgcacaaaacgtgcatcggctacccaactttataaaacatgcaaacaggcaggtacatgtccacctgacattatacctaaggttgaaggcaaaactattgctgatcaaatattacaatatggaagtatgggtgtattttttggtgggttaggaattggaacagggtcgggtacaggcggacgcactgggtatattccattgggaacaaggcctcccacagctacagatacacttgctcctgtaagaccccctttaacagtagatcctgtgggcccttctgatccttctatagtttctttagtggaagaaactagttttattgatgctggtgcaccaacatctgtaccttccattcccccagatgtatcaggatttagtattactacttcaactgataccacacctgctatattagatattaataatactgttactactgttactacacataataatcccactttcactgacccatctgtattgcagcctccaacacctgcagaaactggagggcattttacactttcatcatccactattagtacacataattatgaagaaattcctatggatacatttattgttagcacaaaccctaacacagtaactagtagcacacccataccagggtctcgcccagtggcacgcctaggattatatagtcgcacaacacaacaggttaaagttgtagaccctgcttttgtaaccactcccactaaacttattacatatgataatcctgcatatgaaggtatagatgtggataatacattatatttttctagtaatgataatagtattaatatagctccagatcctgactttttggatatagttgctttacataggccagcattaacctctaggcgtactggcattaggtacagtagaattggtaataaacaaacactacgtactcgtagtggaaaatctataggtgctaaggtacattattattatgatttaagtactattgatcctgcagaagaaatagaattacaaactataacaccttctacatatactaccacttcacatgcagcctcacctacttctattaataatggattatatgatatttatgcagatgactttattacagatacttctacaaccccggtaccatctgtaccctctacatctttatcaggttatattcctgcaaatacaacaattccttttggtggtgcatacaatattcctttagtatcaggtcctgatatacccattaatataactgaccaagctccttcattaattcctatagttccagggtctccacaatatacaattattgctgatgcaggtgacttttatttacatcctagttattacatgttacgaaaacgacgtaaacgtttaccatattttttttcagatgtctctttggctgcctagtgaggccactgtctacttgcctcctgtcccagtatctaaggttgtaagcacggatgaatatgttgcacgcacaaacatatattatcatgcaggaacatccagactacttgcagttggacatccctattttcctattaaaaaacctaacaataacaaaatattagttcctaaagtatcaggattacaatacagggtatttagaatacatttacctgaccccaataagtttggttttcctgacacctcattttataatccagatacacagcggctggtttgggcctgtgtaggtgttgaggtaggtcgtggtcagccattaggtgtgggcattagtggccatcctttattaaataaattggatgacacagaaaatgctagtgcttatgcagcaaatgcaggtgtggataatagagaatgtatatctatggattacaaacaaacacaattgtgtttaattggttgcaaaccacctataggggaacactggggcaaaggatccccatgtaccaatgttgcagtaaatccaggtgattgtccaccattagagttaataaacacagttattcaggatggtgatatggttgatactggctttggtgctatggactttactacattacaggctaacaaaagtgaagttccactggatatttgtacatctatttgcaaatatccagattatattaaaatggtgtcagaaccatatggcgacagcttatttttttatttacgaagggaacaaatgtttgttagacatttatttaatagggctggtactgttggtgaaaatgtaccagacgatttatacattaaaggctctgggtctactgcaaatttagccagttcaaattattttcctacacctagtggttctatggttacctctgatgcccaaatattcaataaaccttattggttacaacgagcacagggccacaataatggcatttgttggggtaaccaactatttgttactgttgttgatactacacgcagtacaaatatgtcattatgtgctgccatatctacttcagaaactacatataaaaatactaactttaaggagtacctacgacatggggaggaatatgatttacagtttatttttcaactgtgcaaaataaccttaactgcagacgttatgacatacatacattctatgaattccactattttggaggactggaattttggtctacaacctcccccaggaggcacactagaagatacttataggtttgtaacatcccaggcaattgcttgtcaaaaacatacacctccagcacctaaagaagatccccttaaaaaatacactttttgggaagtaaatttaaaggaaaagttttctgcagacctagatcagtttcctttaggacgcaaatttttactacaagcaggattgaaggccaaaccaaaatttacattaggaaaacgaaaagctacacccaccacctcatctacctctacaactgctaaacgcaaaaaacgtaagctgtaa
HPV16REF,E7,1312..1608,atgcatggagatacacctacattgcatgaatatatgttagatttgcaaccagagacaactgatctctactgttatgagcaattaaatgacagctcagaggaggaggatgaaatagatggtccagctggacaagcagaaccggacagagcccattacaatattgtaaccttttgttgcaagtgtgactctacgcttcggttgtgcgtacaaagcacacacgtagacattcgtactttggaagacctgttaatgggcacactaggaattgtgtgccccatctgttctcagaaaccataa,MHGDTPTLHEYMLDLQPETTDLYCYEQLNDSSEEEDEIDGPAGQAEPDRAHYNIVTFCCKCDSTLRLCVQSTHVDIRTLEDLLMGTLGIVCPICSQKP*
HPV16REF,E1,1615..3564,atggctgatcctgcaggtaccaatggggaagagggtacgggatgtaatggatggttttatgtagaggctgtagtggaaaaaaaaacaggggatgctatatcagatgacgagaacgaaaatgacagtgatacaggtgaagatttggtagattttatagtaaatgataatgattatttaacacaggcagaaacagagacagcacatgcgttgtttactgcacaggaagcaaaacaacatagagatgcagtacaggttctaaaacgaaagtatttgggtagtccacttagtgatattagtggatgtgtagacaataatattagtcctagattaaaagctatatgtatagaaaaacaaagtagagctgcaaaaaggagattatttgaaagcgaagacagcgggtatggcaatactgaagtggaaactcagcagatgttacaggtagaagggcgccatgagactgaaacaccatgtagtcagtatagtggtggaagtgggggtggttgcagtcagtacagtagtggaagtgggggagagggtgttagtgaaagacacactatatgccaaacaccacttacaaatattttaaatgtactaaaaactagtaatgcaaaggcagcaatgttagcaaaatttaaagagttatacggggtgagtttttcagaattagtaagaccatttaaaagtaataaatcaacgtgttgcgattggtgtattgctgcatttggacttacacccagtatagctgacagtataaaaacactattacaacaatattgtttatatttacacattcaaagtttagcatgttcatggggaatggttgtgttactattagtaagatataaatgtggaaaaaatagagaaacaattgaaaaattgctgtctaaactattatgtgtgtctccaatgtgtatgatgatagagcctccaaaattgcgtagtacagcagcagcattatattggtataaaacaggtatatcaaatattagtgaagtgtatggagacacgccagaatggatacaaagacaaacagtattacaacatagttttaatgattgtacatttgaattatcacagatggtacaatgggcctacgataatgacatagtagacgatagtgaaattgcatataaatatgcacaattggcagacactaatagtaatgcaagtgcctttctaaaaagtaattcacaggcaaaaattgtaaaggattgtgcaacaatgtgtagacattataaacgagcagaaaaaaaacaaatgagtatgagtcaatggataaaatatagatgtgatagggtagatgatggaggtgattggaagcaaattgttatgtttttaaggtatcaaggtgtagagtttatgtcatttttaactgcattaaaaagatttttgcaaggcatacctaaaaaaaattgcatattactatatggtgcagctaacacaggtaaatcattatttggtatgagtttaatgaaatttctgcaagggtctgtaatatgttttgtaaattctaaaagccatttttggttacaaccattagcagatgccaaaataggtatgttagatgatgctacagtgccctgttggaactacatagatgacaatttaagaaatgcattggatggaaatttagtttctatggatgtaaagcatagaccattggtacaactaaaatgccctccattattaattacatctaacattaatgctggtacagattctaggtggccttatttacataatagattggtggtgtttacatttcctaatgagtttccatttgacgaaaacggaaatccagtgtatgagcttaatgataagaactggaaatcctttttctcaaggacgtggtccagattaagtttgcacgaggacgaggacaaggaaaacgatggagactctttgccaacgtttaaatgtgtgtcaggacaaaatactaacacattatga,MADPAGTNGEEGTGCNGWFYVEAVVEKKTGDAISDDENENDSDTGEDLVDFIVNDNDYLTQAETETAHALFTAQEAKQHRDAVQVLKRKYLGSPLSDISGCVDNNISPRLKAICIEKQSRAAKRRLFESEDSGYGNTEVETQQMLQVEGRHETETPCSQYSGGSGGGCSQYSSGSGGEGVSERHTICQTPLTNILNVLKTSNAKAAMLAKFKELYGVSFSELVRPFKSNKSTCCDWCIAAFGLTPSIADSIKTLLQQYCLYLHIQSLACSWGMVVLLLVRYKCGKNRETIEKLLSKLLCVSPMCMMIEPPKLRSTAAALYWYKTGISNISEVYGDTPEWIQRQTVLQHSFNDCTFELSQMVQWAYDNDIVDDSEIAYKYAQLADTNSNASAFLKSNSQAKIVKDCATMCRHYKRAEKKQMSMSQWIKYRCDRVDDGGDWKQIVMFLRYQGVEFMSFLTALKRFLQGIPKKNCILLYGAANTGKSLFGMSLMKFLQGSVICFVNSKSHFWLQPLADAKIGMLDDATVPCWNYIDDNLRNALDGNLVSMDVKHRPLVQLKCPPLLITSNINAGTDSRWPYLHNRLVVFTFPNEFPFDENGNPVYELNDKNWKSFFSRTWSRLSLHEDEDKENDGDSLPTFKCVSGQNTNTL*
HPV16REF,L2,4987..6408,atgcgacacaaacgttctgcaaaacgcacaaaacgtgcatcggctacccaactttataaaacatgcaaacaggcaggtacatgtccacctgacattatacctaaggttgaaggcaaaactattgctgatcaaatattacaatatggaagtatgggtgtattttttggtgggttaggaattggaacagggtcgggtacaggcggacgcactgggtatattccattgggaacaaggcctcccacagctacagatacacttgctcctgtaagaccccctttaacagtagatcctgtgggcccttctgatccttctatagtttctttagtggaagaaactagttttattgatgctggtgcaccaacatctgtaccttccattcccccagatgtatcaggatttagtattactacttcaactgataccacacctgctatattagatattaataatactgttactactgttactacacataataatcccactttcactgacccatctgtattgcagcctccaacacctgcagaaactggagggcattttacactttcatcatccactattagtacacataattatgaagaaattcctatggatacatttattgttagcacaaaccctaacacagtaactagtagcacacccataccagggtctcgcccagtggcacgcctaggattatatagtcgcacaacacaacaggttaaagttgtagaccctgcttttgtaaccactcccactaaacttattacatatgataatcctgcatatgaaggtatagatgtggataatacattatatttttctagtaatgataatagtattaatatagctccagatcctgactttttggatatagttgctttacataggccagcattaacctctaggcgtactggcattaggtacagtagaattggtaataaacaaacactacgtactcgtagtggaaaatctataggtgctaaggtacattattattatgatttaagtactattgatcctgcagaagaaatagaattacaaactataacaccttctacatatactaccacttcacatgcagcctcacctacttctattaataatggattatatgatatttatgcagatgactttattacagatacttctacaaccccggtaccatctgtaccctctacatctttatcaggttatattcctgcaaatacaacaattccttttggtggtgcatacaatattcctttagtatcaggtcctgatatacccattaatataactgaccaagctccttcattaattcctatagttccagggtctccacaatatacaattattgctgatgcaggtgacttttatttacatcctagttattacatgttacgaaaacgacgtaaacgtttaccatattttttttcagatgtctctttggctgcctag,MRHKRSAKRTKRASATQLYKTCKQAGTCPPDIIPKVEGKTIADQILQYGSMGVFFGGLGIGTGSGTGGRTGYIPLGTRPPTATDTLAPVRPPLTVDPVGPSDPSIVSLVEETSFIDAGAPTSVPSIPPDVSGFSITTSTDTTPAILDINNTVTTVTTHNNPTFTDPSVLQPPTPAETGGHFTLSSSTISTHNYEEIPMDTFIVSTNPNTVTSSTPIPGSRPVARLGLYSRTTQQVKVVDPAFVTTPTKLITYDNPAYEGIDVDNTLYFSSNDNSINIAPDPDFLDIVALHRPALTSRRTGIRYSRIGNKQTLRTRSGKSIGAKVHYYYDLSTIDPAEEIELQTITPSTYTTTSHAASPTSINNGLYDIYADDFITDTSTTPVPSVPSTSLSGYIPANTTIPFGGAYNIPLVSGPDIPINITDQAPSLIPIVPGSPQYTIIADAGDFYLHPSYYMLRKRRKRLPYFFSDVSLAA*
HPV16REF,E2,3506..4603,atggagactctttgccaacgtttaaatgtgtgtcaggacaaaatactaacacattatgaaaatgatagtacagacctacgtgaccatatagactattggaaacacatgcgcctagaatgtgctatttattacaaggccagagaaatgggatttaaacatattaaccaccaggtggtgccaacactggctgtatcaaagaataaagcattacaagcaattgaactgcaactaacgttagaaacaatatataactcacaatatagtaatgaaaagtggacattacaagacgttagccttgaagtgtatttaactgcaccaacaggatgtataaaaaaacatggatatacagtggaagtgcagtttgatggagacatatgcaatacaatgcattatacaaactggacacatatatatatttgtgaagaagcatcagtaactgtggtagagggtcaagttgactattatggtttatattatgttcatgaaggaatacgaacatattttgtgcagtttaaagatgatgcagaaaaatatagtaaaaataaagtatgggaagttcatgcgggtggtcaggtaatattatgtcctacatctgtgtttagcagcaacgaagtatcctctcctgaaattattaggcagcacttggccaaccaccccgccgcgacccataccaaagccgtcgccttgggcaccgaagaaacacagacgactatccagcgaccaagatcagagccagacaccggaaacccctgccacaccactaagttgttgcacagagactcagtggacagtgctccaatcctcactgcatttaacagctcacacaaaggacggattaactgtaatagtaacactacacccatagtacatttaaaaggtgatgctaatactttaaaatgtttaagatatagatttaaaaagcattgtacattgtatactgcagtgtcgtctacatggcattggacaggacataatgtaaaacataaaagtgcaattgttacacttacatatgatagtgaatggcaacgtgaccaatttttgtctcaagttaaaataccaaaaactattacagtgtctactggatttatgtctatatga,METLCQRLNVCQDKILTHYENDSTDLRDHIDYWKHMRLECAIYYKAREMGFKHINHQVVPTLAVSKNKALQAIELQLTLETIYNSQYSNEKWTLQDVSLEVYLTAPTGCIKKHGYTVEVQFDGDICNTMHYTNWTHIYICEEASVTVVEGQVDYYGLYYVHEGIRTYFVQFKDDAEKYSKNKVWEVHAGGQVILCPTSVFSSNEVSSPEIIRQHLANHPAATHTKAVALGTEETQTTIQRPRSEPDTGNPCHTTKLLHRDSVDSAPILTAFNSSHKGRINCNSNTTPIVHLKGDANTLKCLRYRFKKHCTLYTAVSSTWHWTGHNVKHKSAIVTLTYDSEWQRDQFLSQVKIPKTITVSTGFMSI*
HPV16REF,L1,6389..7906,atgtctctttggctgcctagtgaggccactgtctacttgcctcctgtcccagtatctaaggttgtaagcacggatgaatatgttgcacgcacaaacatatattatcatgcaggaacatccagactacttgcagttggacatccctattttcctattaaaaaacctaacaataacaaaatattagttcctaaagtatcaggattacaatacagggtatttagaatacatttacctgaccccaataagtttggttttcctgacacctcattttataatccagatacacagcggctggtttgggcctgtgtaggtgttgaggtaggtcgtggtcagccattaggtgtgggcattagtggccatcctttattaaataaattggatgacacagaaaatgctagtgcttatgcagcaaatgcaggtgtggataatagagaatgtatatctatggattacaaacaaacacaattgtgtttaattggttgcaaaccacctataggggaacactggggcaaaggatccccatgtaccaatgttgcagtaaatccaggtgattgtccaccattagagttaataaacacagttattcaggatggtgatatggttgatactggctttggtgctatggactttactacattacaggctaacaaaagtgaagttccactggatatttgtacatctatttgcaaatatccagattatattaaaatggtgtcagaaccatatggcgacagcttatttttttatttacgaagggaacaaatgtttgttagacatttatttaatagggctggtactgttggtgaaaatgtaccagacgatttatacattaaaggctctgggtctactgcaaatttagccagttcaaattattttcctacacctagtggttctatggttacctctgatgcccaaatattcaataaaccttattggttacaacgagcacagggccacaataatggcatttgttggggtaaccaactatttgttactgttgttgatactacacgcagtacaaatatgtcattatgtgctgccatatctacttcagaaactacatataaaaatactaactttaaggagtacctacgacatggggaggaatatgatttacagtttatttttcaactgtgcaaaataaccttaactgcagacgttatgacatacatacattctatgaattccactattttggaggactggaattttggtctacaacctcccccaggaggcacactagaagatacttataggtttgtaacatcccaggcaattgcttgtcaaaaacatacacctccagcacctaaagaagatccccttaaaaaatacactttttgggaagtaaatttaaaggaaaagttttctgcagacctagatcagtttcctttaggacgcaaatttttactacaagcaggattgaaggccaaaccaaaatttacattaggaaaacgaaaagctacacccaccacctcatctacctctacaactgctaaacgcaaaaaacgtaagctgtaa,MSLWLPSEATVYLPPVPVSKVVSTDEYVARTNIYYHAGTSRLLAVGHPYFPIKKPNNNKILVPKVSGLQYRVFRIHLPDPNKFGFPDTSFYNPDTQRLVWACVGVEVGRGQPLGVGISGHPLLNKLDDTENASAYAANAGVDNRECISMDYKQTQLCLIGCKPPIGEHWGKGSPCTNVAVNPGDCPPLELINTVIQDGDMVDTGFGAMDFTTLQANKSEVPLDICTSICKYPDYIKMVSEPYGDSLFFYLRREQMFVRHLFNRAGTVGENVPDDLYIKGSGSTANLASSNYFPTPSGSMVTSDAQIFNKPYWLQRAQGHNNGICWGNQLFVTVVDTTRSTNMSLCAAISTSETTYKNTNFKEYLRHGEEYDLQFIFQLCKITLTADVMTYIHSMNSTILEDWNFGLQPPPGGTLEDTYRFVTSQAIACQKHTPPAPKEDPLKKYTFWEVNLKEKFSADLDQFPLGRKFLLQAGLKAKPKFTLGKRKATPTTSSTSTTAKRKKRKL*
HPV16REF,E5_ALPHA,4600..4851,atgacaaatcttgatactgcatccacaacattactggcgtgctttttgctttgcttttgtgtgcttttgtgtgtctgcctattaatacgtccgctgcttttgtctgtgtctacatacacatcattaataatattggtattactattgtggataacagcagcctctgcgtttaggtgttttattgtatatattatatttgtttatataccattatttttaatacatacacatgcacgctttttaattacataa,MTNLDTASTTLLACFLLCFCVLLCVCLLIRPLLLSVSTYTSLIILVLLLWITAASAFRCFIVYIIFVYIPLFLIHTHARFLIT*
HPV16REF,E6,854..1309,atgtttcaggacccacaggagcgacccagaaagttaccacagttatgcacagagctgcaaacaactatacatgatataatattagaatgtgtgtactgcaagcaacagttactgcgacgtgaggtatatgactttgcttttcgggatttatgcatagtatatagagatgggaatccatatgctgtatgtgataaatgtttaaagttttattctaaaattagtgagtatagacattattgttatagtttgtatggaacaacattagaacagcaatacaacaaaccgttgtgtgatttgttaattaggtgtattaactgtcaaaagccactgtgtcctgaagaaaagcaaagacatctggacaaaaagcaaagattccataatataaggggtcggtggaccggtcgatgtatgtcttgttgcagatcatcaagaacacgtagagaaacccagctgtaa,MFQDPQERPRKLPQLCTELQTTIHDIILECVYCKQQLLRREVYDFAFRDLCIVYRDGNPYAVCDKCLKFYSKISEYRHYCYSLYGTTLEQQYNKPLCDLLIRCINCQKPLCPEEKQRHLDKKQRFHNIRGRWTGRCMSCCRSSRTRRETQL*
HPV16REF,URR,1..853,gtattgtatgtatgttgaattagtgttgtttgttgtgtatatgtttgtatgtgcttgtatgtgcttgtaaatattaagttgtatgtgtgtttgtatgtatggtataataaacacgtgtgtatgtgtttttaaatgcttgtgtaactattgtgtcatgcaacataaataaacttattgtttcaacacctactaattgtgttgtggttattcattgtatataaactatatttgctacatcctgtttttgttttatatatactatattttgtagcgccagcggccattttgtagcttcaaccgaattcggttgcatgctttttggcacaaaatgtgtttttttaaatagttctatgtcagcaactatggtttaaacttgtacgtttcctgcttgccatgcgtgccaaatccctgttttcctgacctgcactgcttgccaaccattccattgttttttacactgcactatgtgcaactactgaatcactatgtacattgtgtcatataaaataaatcactatgcgccaacgccttacataccgctgttaggcacatatttttggcttgttttaactaacctaattgcatatttggcataaggtttaaacttctaaggccaactaaatgtcaccctagttcatacatgaactgtgtaaaggttagtcatacattgttcatttgtaaaactgcacatgggtgtgtgcaaaccgttttgggttacacatttacaagcaacttatataataatactaaactacaataattcatgtataaaactaagggcgtaaccgaaatcggttgaaccgaaaccggttagtataaaagcagacattttatgcaccaaaagagaactgca
HPV16REF,E1BS,741..761,taatactaaactacaataat
HPV16REF,E2BS,785..797,accgaaatcggt
HPV16REF,E2BS,704..716,accgttttgggt
HPV16REF,E2BS,800..812,accgaaaccggt
HPV16REF,E2BS,297..309,accgaattcggt
HPV16REF,E8^E2,join(2015..2052+4108..4603),atggcaatactgaagtggaaactcagcagatgttacagcagcaacgaagtatcctctcctgaaattattaggcagcacttggccaaccaccccgccgcgacccataccaaagccgtcgccttgggcaccgaagaaacacagacgactatccagcgaccaagatcagagccagacaccggaaacccctgccacaccactaagttgttgcacagagactcagtggacagtgctccaatcctcactgcatttaacagctcacacaaaggacggattaactgtaatagtaacactacacccatagtacatttaaaaggtgatgctaatactttaaaatgtttaagatatagatttaaaaagcattgtacattgtatactgcagtgtcgtctacatggcattggacaggacataatgtaaaacataaaagtgcaattgttacacttacatatgatagtgaatggcaacgtgaccaatttttgtctcaagttaaaataccaaaaactattacagtgtctactggatttatgtctatatga,MAILKWKLSRCYSSNEVSSPEIIRQHLANHPAATHTKAVALGTEETQTTIQRPRSEPDTGNPCHTTKLLHRDSVDSAPILTAFNSSHKGRINCNSNTTPIVHLKGDANTLKCLRYRFKKHCTLYTAVSSTWHWTGHNVKHKSAIVTLTYDSEWQRDQFLSQVKIPKTITVSTGFMSI*
HPV16REF,E1^E4,join(1615..1630+4108..4370),atggctgatcctgcagcagcaacgaagtatcctctcctgaaattattaggcagcacttggccaaccaccccgccgcgacccataccaaagccgtcgccttgggcaccgaagaaacacagacgactatccagcgaccaagatcagagccagacaccggaaacccctgccacaccactaagttgttgcacagagactcagtggacagtgctccaatcctcactgcatttaacagctcacacaaaggacggattaactgtaatagtaacactacacccatag,MADPAAATKYPLLKLLGSTWPTTPPRPIPKPSPWAPKKHRRLSSDQDQSQTPETPATPLSCCTETQWTVLQSSLHLTAHTKDGLTVIVTLHP*
