motif_id	motif_alt_id	sequence_name	start	stop	strand	score	p-value	q-value	matched_sequence
ATDATTGTTGNCAACAATCAT	MEME-1	URR	370	390	+	32.0769	5.7e-13	2.61e-10	atgattgttggcaacaatcat
ATDATTGTTGNCAACAATCAT	MEME-1	URR	12	32	+	-0.846154	0.000182	0.0416	aatgtaaatactaattataat
ATDATTGTTGNCAACAATCAT	MEME-1	URR	15	35	+	-7.24615	0.00078	0.0783	gtaaatactaattataataaa
ATDATTGTTGNCAACAATCAT	MEME-1	URR	9	29	+	-7.50769	0.000824	0.0783	cttaatgtaaatactaattat
ATDATTGTTGNCAACAATCAT	MEME-1	URR	367	387	+	-7.69231	0.000856	0.0783	gagatgattgttggcaacaat
ATDATTGTTGNCAACAATCAT	MEME-1	URR	245	265	+	-11.7692	0.00191	0.134	ccggaggttggcaccgatttt
ATDATTGTTGNCAACAATCAT	MEME-1	URR	36	56	+	-12.1692	0.00205	0.134	ctggtgtatgactattacttg
ATDATTGTTGNCAACAATCAT	MEME-1	URR	373	393	+	-15.4462	0.00367	0.21	attgttggcaacaatcattgg
ATDATTGTTGNCAACAATCAT	MEME-1	URR	30	50	+	-20.9538	0.00888	0.426	aataaactggtgtatgactat
ATDATTGTTGNCAACAATCAT	MEME-1	URR	22	42	+	-22.1846	0.0106	0.426	ctaattataataaactggtgt
ATDATTGTTGNCAACAATCAT	MEME-1	URR	160	180	+	-22.2308	0.0107	0.426	agaatctttgccaagaacttg
ATDATTGTTGNCAACAATCAT	MEME-1	URR	33	53	+	-22.5231	0.0112	0.426	aaactggtgtatgactattac
ATDATTGTTGNCAACAATCAT	MEME-1	URR	318	338	+	-25.7231	0.0175	0.525	ctcattgttcactgtaccgga
ATDATTGTTGNCAACAATCAT	MEME-1	URR	75	95	+	-25.8923	0.0179	0.525	tttaaactgaccaatagtata
ATDATTGTTGNCAACAATCAT	MEME-1	URR	257	277	+	-25.8923	0.0179	0.525	accgattttggcatcagcttt
ATDATTGTTGNCAACAATCAT	MEME-1	URR	6	26	+	-26.0923	0.0183	0.525	atacttaatgtaaatactaat
ATDATTGTTGNCAACAATCAT	MEME-1	URR	18	38	+	-26.8615	0.0203	0.546	aatactaattataataaactg
ATDATTGTTGNCAACAATCAT	MEME-1	URR	204	224	+	-27.9385	0.0233	0.593	ccgattgagtgaagaaaccgt
ATDATTGTTGNCAACAATCAT	MEME-1	URR	422	442	+	-28.4462	0.0249	0.599	ccgattgcggttatttgtttc
ATDATTGTTGNCAACAATCAT	MEME-1	URR	449	469	+	-29.2769	0.0276	0.631	gttataaaagacctcaaacgt
ATDATTGTTGNCAACAATCAT	MEME-1	URR	227	247	+	-29.9231	0.0299	0.65	ccgattttggattatcgcccg
ATDATTGTTGNCAACAATCAT	MEME-1	URR	443	463	+	-30.6615	0.0326	0.678	tgaaaggttataaaagacctc
ATDATTGTTGNCAACAATCAT	MEME-1	URR	399	419	+	-31.6923	0.0368	0.701	gaagtgcctagtttgaacaag
ATDATTGTTGNCAACAATCAT	MEME-1	URR	2	22	+	-32.4308	0.0401	0.701	gtaaatacttaatgtaaatac
ATDATTGTTGNCAACAATCAT	MEME-1	URR	425	445	+	-32.4308	0.0401	0.701	attgcggttatttgtttctga
ATDATTGTTGNCAACAATCAT	MEME-1	URR	25	45	+	-32.6615	0.0412	0.701	attataataaactggtgtatg
ATDATTGTTGNCAACAATCAT	MEME-1	URR	354	374	+	-33.2	0.0438	0.701	tgaaaggtatgtagagatgat
ATDATTGTTGNCAACAATCAT	MEME-1	URR	405	425	+	-33.2923	0.0442	0.701	cctagtttgaacaagaaccga
ATDATTGTTGNCAACAATCAT	MEME-1	URR	402	422	+	-33.6615	0.0461	0.701	gtgcctagtttgaacaagaac
ATDATTGTTGNCAACAATCAT	MEME-1	URR	74	94	+	-33.6923	0.0462	0.701	atttaaactgaccaatagtat
ATDATTGTTGNCAACAATCAT	MEME-1	URR	147	167	+	-33.9385	0.0475	0.701	ggcacacacgtctagaatctt
ATDATTGTTGNCAACAATCAT	MEME-1	URR	382	402	+	-34.5692	0.0509	0.728	aacaatcattggaaaaagaag
ATDATTGTTGNCAACAATCAT	MEME-1	URR	5	25	+	-35.4154	0.0557	0.766	aatacttaatgtaaatactaa
ATDATTGTTGNCAACAATCAT	MEME-1	URR	43	63	+	-35.7538	0.0578	0.766	atgactattacttgttgggtg
ATDATTGTTGNCAACAATCAT	MEME-1	URR	214	234	+	-35.8923	0.0586	0.766	gaagaaaccgtttccgatttt
ATDATTGTTGNCAACAATCAT	MEME-1	URR	163	183	+	-36.4615	0.0622	0.79	atctttgccaagaacttgaag
ATDATTGTTGNCAACAATCAT	MEME-1	URR	446	466	+	-36.7385	0.064	0.791	aaggttataaaagacctcaaa
ATDATTGTTGNCAACAATCAT	MEME-1	URR	396	416	+	-37	0.0657	0.791	aaagaagtgcctagtttgaac
ATDATTGTTGNCAACAATCAT	MEME-1	URR	428	448	+	-37.5385	0.0694	0.8	gcggttatttgtttctgaaag
ATDATTGTTGNCAACAATCAT	MEME-1	URR	50	70	+	-37.6154	0.0699	0.8	ttacttgttgggtgtctctgt
ATDATTGTTGNCAACAATCAT	MEME-1	URR	181	201	+	-38.6615	0.0776	0.866	aaggatcttgcctgtttattc
ATDATTGTTGNCAACAATCAT	MEME-1	URR	337	357	+	-38.9385	0.0797	0.868	gaggcggttttgtgtactgaa
ATDATTGTTGNCAACAATCAT	MEME-1	URR	71	91	+	-39.6308	0.0852	0.897	ccaatttaaactgaccaatag
ATDATTGTTGNCAACAATCAT	MEME-1	URR	268	288	+	-40.2923	0.0907	0.897	catcagctttggcaccagctt
ATDATTGTTGNCAACAATCAT	MEME-1	URR	40	60	+	-40.3538	0.0912	0.897	tgtatgactattacttgttgg
ATDATTGTTGNCAACAATCAT	MEME-1	URR	431	451	+	-40.4	0.0916	0.897	gttatttgtttctgaaaggtt
ATDATTGTTGNCAACAATCAT	MEME-1	URR	19	39	+	-40.4615	0.0921	0.897	atactaattataataaactgg
ATDATTGTTGNCAACAATCAT	MEME-1	URR	58	78	+	-41.2462	0.0991	0.944	tgggtgtctctgtccaattta

# FIMO (Find Individual Motif Occurrences): Version 5.0.5 compiled on May 16 2019 at 11:19:45
# The format of this file is described at http://meme-suite.org/doc/fimo-output-format.html.
# fimo --oc ./puma_out/program_files/E1BS --norc --verbosity 1 --thresh 1.0E-1 --bgfile ../data_dir/background_model_E1BS_new.txt ../data_dir/E1BS_motif_new.txt ./puma_out/program_files/puma_urr.fa
