AmPV4REF,CG,,tgtaaatacttaatgtaaatactaattataataaactggtgtatgactattacttgttgggtgtctctgtccaatttaaactgaccaatagtatacatagaacaagatatacccgcgcgcgggagattagaccgcacccggtctttggcacacacgtctagaatctttgccaagaacttgaaggatcttgcctgtttattcaaccgattgagtgaagaaaccgtttccgattttggattatcgcccggaggttggcaccgattttggcatcagctttggcaccagcttgtctagactacgcgaccgttatcggtcctctcattgttcactgtaccggaggcggttttgtgtactgaaaggtatgtagagatgattgttggcaacaatcattggaaaaagaagtgcctagtttgaacaagaaccgattgcggttatttgtttctgaaaggttataaaagacctcaaacgtggaaatggggtacagaatggctcgaccgacatcggtaaaaggtctggcggctctaacaggggttccccttgttgattttcttttaccttgccacttttgcaaacgcttcttgactaacattgaaaaacttaggtttgatgaatcgcctctgcgacttctttggagagaagggtgtgcttttgggtgttgcctcgcatgcataagactttgcagcaaaatagaacgatcctgccataagaaaaaacataccaactgtagaaagattaaagagaagtttggtaaagaaattctggaagttggaattaggtgtagtgcttgctacaaaaggttgcattctcgggaaatacaaaaaagtgcaaataatcaaagattgtttgaggtcaggggaaaggtcagaggattttgtgatctttgttatttgtggacataactatgattgggaaacaagcgacgctttgcgacatagtgctgacagagcaagctgaggcagttgacctgctttgttatgaacaaatgccttctgacgaggaggaggagcaagaacatcgcgatttctacagggtagctattgactgtgcaacctgtaaaaacaggttgcactttgtatgtgccgcaaacggagaagatattctgaagcttgaggaacttctcttcactctaggttttctctgttcgtcttgtgtaaagacgaatagattaaaccatggaggataaaggtactgtcagtacaaatgaagatttgaatgattgggtgtttgtggaagcagagtgtagcgatgtagatgaatcgtttgaagagctatttgataaaagttctacgagtgatctttcagattttgtagaccatgcagctgtcagtgattgccaggggatttccctacaactatttcgacagcaggagtttgcagaaacagaggagcaattgatgcacctaaaacgaaagtatattcacagtcccgagcagaaggctgtagtagatttgagtccgcggttagagtctataagcttgtctccgcggcgaggaaaaaaggcgaaaaagcagctatttgggacaaaagacagtgatgaagttgacaatactgttacacaaaggctatcagaggtagatgtgcgtgttcggggtgaaaatggtgtggaagcattgcttagtagtaagaatcagcgtgcatttgcttatgctaaatttaaagcgaattttgggattagtttctcagagctagtacgaaattttaaatgtgataagacatgtagcttagactgggtggtatgtggattatatttgaatgactctagagcagaagctgcaaaaactgtattacaagattactgtaattatatttattttgcacaaatgggtagttgtactttaatgttgttaaattttaagactcagaaatgtagagaaacgttactaaagcttttaaaaacgctgctaaaactagagacatgtcaaatattagcagagccacctagggctcgaagtgctgcttgtgcattatattggtataatagaggcttagctaatggcgcctttacatttggaagtttgcctgattggatagctaagcaaactttactaagtcatcatttagcaagtgaaaagccatttgatttatctactatgatacagtgggcatatgataatgaagcgtttgaagaaagtgagatagcatatcagtatgcattgcaagcagaaactgatgaaaatgcagcagcatttcttaattcaaacaatcaagcaaaacatgtaaaagactgtgctactatgtgcagatattatagaaaagcagaaatgcagcgtatgacaatgtcagattggatatttaaaatgagtaaagggtttgaagattcagaaagctggaaagagattgtgaagtttttgagatatcagtgtattgaatttatatctttcttagcagtttttaaaaggtttttaagaggagtaccaaaaaaaaattgtttagttatttggggaccacccaatactggaaagtctatgttttgtatgtcattgttaagttttttgaaaggaaaagtaatatcatatgttaacagtaaaagtcagttttggttgcagcctctttcagatgccaaaataggtttgctagatgatgcaactaagccatgctgggactactttgatatatttatgagaaatgctttagatggaaacactattagtatagattgtaaacataaggcacctttgcaactaaaatgccctcccttactaattactactaatataaatcttatgggagacgagaggtggaagtatcttcgcagtagagtttcttgcttctgctttgctactgaatttcctttaaaagaggatggggcacccggctatactttaaatgacaaaagttgggcctctttctttaaaaggttctggaaacatttagaattaagtgatcaagaagaagagggggaagatggagactctcaacgagctcttagactatgtacaagatcaactcctcatactgtatgaaacaaacagtaataaaattgcagaccaaattaaacattggcacttgaacagaaaagagaatgtgctgctatattatgcacgtaagaatggcattactagactagggatgagacctattccttccctgcaggtgtctcatcaaaaagctagagcagcaattgagcaagagcttatgttgcaaagtcttggcaaatcaaattttggctctgaaaaatggacactacaagacactagtaaagaaagactgcttgcagaacctcggtattgttttaagaaaggtggaaaagagatagatgtgaggtttgacaataaagcagagaatatcacaaggtatactttatgggactggatatactatcaagatgataatgacaaatggcaaaaaacagaaggccaagtagatgagagaggattattttacctagatcaggcaggtgttaaagtgtattatgtgaacttcgaggaagaatcaaaaaaatatggcaaaactggagcatatgaagttttgcataaactcaccaaaaatgctatttccactagctcatttcgatcatcatctgggggtgaatccgagcaccccacctcatcggggctatcctccagacattcaacccccaggaaaaaaattcactctcctggacgaagaaccagacgatataggcggcgagcctcgccctgcgtctcgaggggacggagagaaagagaatcgccgcccaaggaacaccctgcaagacgcttactaccaccgtctccaggagaagttggaggatgccatcacacatctcaagcaggagctggaggaagacttgagcgacttgtgcaagaagctcgggatccaccacttcttgttttaggaggaaatcctaattcattaaaatgtttacgttttagattacgtaaggggtatggggggttatttgatacagtgagcacaacttggcaatggactaatgtgagggatccgaaggttaaccatcgcatgctggtagcatttacggacacacaacaaagagaacaatttttactgaaggttccattgcctaagtctgtgtcacatttttttgggtcatttaatgggttatagcatttatggggcatagtacactcagtttaagtaagcataggcataagataaggataagtaagaattagcagaccaaacactattgaaatataggcaacacatatataggcaacatctgaataaggctcggcatcagcatcagcatcagcatcagcataagcataggttaagtatatactataggataagataagtaagataagacatatcattgcataccataaccataccataaccatacatagtatagtataagataagcagacctgacggggtttattgtgtctttttttgggtgtggtgaaggggaccaaaaaaaacaacaaaaagtagttagtggaaccagtcttttatgagtaacatcaatcattcagtctcaccattaagccacagacttgttttgtttgttaagtatccattgtcaagtacagtgtaaagtacatactgaactgcaattgtgttgttgaatgaatgtgtaattctgtaactgagatcatctaatctttttctatattctgtatactctgtgtctctcttttagactctgtgtaaaaatacgcgttgcaccatcaattgttagcagccagtaactcaagatcttatactgcgtgtcatcagtcataccaccacatgcttgtaaacctccatacacaactcgttgtacatagatattgtacatagatagatagcaccttcaaactcttagcattctcagtcctacctagtccatctaaggcataaaaactgttagtctctcccacgtcaccaagttgtctttcaaagtaaacatggcaccggaatcgtgatagtgaccaggtaatgcgttcggcctgacttcataacccccatccaatgctttgatttgatgcttaatgcaaaatgcaaagaaaccgcaagcgccgtgcagccccaagtgatatataccctgcttgcaagctctcaaatacctgcccgcctgacattgtcaataaatttgagcataataccctagcagacaaaattctaaaatatggtagtgctggtgtttttttgggtagtttgggtataggcactgggagagggggagctgggaccacgtttggggaatatgtacctcttggtactgggagtggtgtacgggtgggaacaagagtaacagctataaggcctactgtaccaataagcagtattggcccaggtgaatctattccagtagatgcagtaaaccctttaggtccagcaataattcctttaagagaatttccaatagctgtagaagagcctgcagtcatattacctcctaaatttccttctattgtagaagatgagcttccattgattacagaggctgaaactagtttcacatctcctccaagtacaattcctgtacaaactccaaagatcaccacagatgatggtgcagctatattagaggtgatacctgaaacaaggcctcctaaaatactcacaagatctcagtatagcaatcctactttcgaggtatctttaactacaacaggtgggtctggggaatcttcagcaactgatcatatttttatagagggtcactcaggaggtgaagttataggagaagaaattcctttaagacagttttcactatctacatctacacgtagtgtacaagaaacagagtttcttactagcactcctagacctgatgtagaagtagaaagtaccaggcattactataatagaagattgcaacaagttcaggtatttgatgaagcttttataaataggcccaaatcattagtaacttttgataatcctgcatatacggattctgttgatttaatattcgaccaagatataatagatgttgcaaaagctgctcctcatgaagcttttaaagatctagtcactttatctaggccttatttctctagaactgaccaaggtttgagaattagtagatttggtcagcatgggagtataaagaccagaagtggacttgtcatagggccacaaacacactattattatgatgtttcagcaatttctccagaatctattgaattaacgccattaaacaactccttagtaggagaacaaagtggtgaatcagttatttctactggcagtgattttgatgtagttagcttaaatgggtctttacaagcttattctgatagtgagttgttagatgtttatgagccagttggcactgatttgcagctgataattggggaaaggcggaatgtgcgaccggtatcggtcttaaattctattaagccgttgccaggactctttggagattataatggtgttcttgtaatccatccaacagaacatgattcagagtctgacttttatcccatttatcctgaagacaccccagtcattgttctagattggcagcagagcaacgatttttttctgcatccgtctttaatcaaaaaaaaaaggcgcaaaagatctgcagcatttttttaattatttttttttaattttgcagatggctgtgtggcttcctgcacaaaataaattttatctgccgcctcaaccaacaaccaaagtcttgaatacagatgactatattacacggacttctgtcttttaccatgccagctcagaacgccttcttacagttggtcatccttactatgaaataatcgatgaaaaaaaagcagttacagtgccaaaagtatctcctaatcaatatagagtatttaggctttttttgccagatcctaacaattttgcttttggagataaaactttgtttgatccagaaaaagaaagactagtttggggtgttagaggattgcagatagggagaggccaaccattaggtgtagccatttcaggaaatatactttttgatagaaatagtgatgttgaaaattcatctaaatttaatgagactgaagataatccagataatagagttaatttagcttttgatccaaagcaaactcaaatgttcatgttgggctgcaaacctgcaacaggagagcattggacctcagcaacctggtgtacaggggttcaacacatgaggggtgattgtcctcctattgaattaagaaatagcattatacaagatggtgatatggcagatataggatttggatgtttagactttaaagctttacaacaaaataaggctggtgttccattggacattgttgatcaaaaatgtaaatatccagattacataaaaatgtcaaatgacccttatggtgatgctttatttttttatgttagaagagaacaattgtatgcaaggcacatgctaaataagtctggccttcaagataaagaaggtgtacctgaagacttctatctaaaaagaacagatggtaaaaaaataggaacttccaactattttactactcctagtggttctttggtttcaagtgaagcacagctttttaataggccatattggattcaaagatcccaaggacaaaacaacggtatagcttgggaaaatcaattatttttaactgtaatggacaatactagaggaacaccatttagtattgtggtttccaaacaagagagtccagcttttccagcatccaatttttcatcttatttaagacatgttgaagagtatgaaattgcattaattttacagctttgcaaagtaaagttaactcctgaaaatttagcttttatacatacaatgaatccttcaattattgaagggtggcacctaaatgttatcccaccttctgcaactattgatgattcttacagattcataacatcacttgcaaccaaatgcccagataaagttcctacaaacgaaaaagttgatcagtatgcagattataaattttggaatattgacttaaaggataaattaactgaacaattagatcaaacaaatttgggtcgaaaatttttgtttcaaactggtgtactaaaacgtggtaaatctgtaagagttacttctggaactagaacaaggtctgtaaaacggaagcgaggaagtaaataa
AmPV4REF,E2,2905..4047,atggagactctcaacgagctcttagactatgtacaagatcaactcctcatactgtatgaaacaaacagtaataaaattgcagaccaaattaaacattggcacttgaacagaaaagagaatgtgctgctatattatgcacgtaagaatggcattactagactagggatgagacctattccttccctgcaggtgtctcatcaaaaagctagagcagcaattgagcaagagcttatgttgcaaagtcttggcaaatcaaattttggctctgaaaaatggacactacaagacactagtaaagaaagactgcttgcagaacctcggtattgttttaagaaaggtggaaaagagatagatgtgaggtttgacaataaagcagagaatatcacaaggtatactttatgggactggatatactatcaagatgataatgacaaatggcaaaaaacagaaggccaagtagatgagagaggattattttacctagatcaggcaggtgttaaagtgtattatgtgaacttcgaggaagaatcaaaaaaatatggcaaaactggagcatatgaagttttgcataaactcaccaaaaatgctatttccactagctcatttcgatcatcatctgggggtgaatccgagcaccccacctcatcggggctatcctccagacattcaacccccaggaaaaaaattcactctcctggacgaagaaccagacgatataggcggcgagcctcgccctgcgtctcgaggggacggagagaaagagaatcgccgcccaaggaacaccctgcaagacgcttactaccaccgtctccaggagaagttggaggatgccatcacacatctcaagcaggagctggaggaagacttgagcgacttgtgcaagaagctcgggatccaccacttcttgttttaggaggaaatcctaattcattaaaatgtttacgttttagattacgtaaggggtatggggggttatttgatacagtgagcacaacttggcaatggactaatgtgagggatccgaaggttaaccatcgcatgctggtagcatttacggacacacaacaaagagaacaatttttactgaaggttccattgcctaagtctgtgtcacatttttttgggtcatttaatgggttatag,METLNELLDYVQDQLLILYETNSNKIADQIKHWHLNRKENVLLYYARKNGITRLGMRPIPSLQVSHQKARAAIEQELMLQSLGKSNFGSEKWTLQDTSKERLLAEPRYCFKKGGKEIDVRFDNKAENITRYTLWDWIYYQDDNDKWQKTEGQVDERGLFYLDQAGVKVYYVNFEEESKKYGKTGAYEVLHKLTKNAISTSSFRSSSGGESEHPTSSGLSSRHSTPRKKIHSPGRRTRRYRRRASPCVSRGRRERESPPKEHPARRLLPPSPGEVGGCHHTSQAGAGGRLERLVQEARDPPLLVLGGNPNSLKCLRFRLRKGYGGLFDTVSTTWQWTNVRDPKVNHRMLVAFTDTQQREQFLLKVPLPKSVSHFFGSFNGL*
AmPV4REF,L2,4927..6480,atgcaaagaaaccgcaagcgccgtgcagccccaagtgatatataccctgcttgcaagctctcaaatacctgcccgcctgacattgtcaataaatttgagcataataccctagcagacaaaattctaaaatatggtagtgctggtgtttttttgggtagtttgggtataggcactgggagagggggagctgggaccacgtttggggaatatgtacctcttggtactgggagtggtgtacgggtgggaacaagagtaacagctataaggcctactgtaccaataagcagtattggcccaggtgaatctattccagtagatgcagtaaaccctttaggtccagcaataattcctttaagagaatttccaatagctgtagaagagcctgcagtcatattacctcctaaatttccttctattgtagaagatgagcttccattgattacagaggctgaaactagtttcacatctcctccaagtacaattcctgtacaaactccaaagatcaccacagatgatggtgcagctatattagaggtgatacctgaaacaaggcctcctaaaatactcacaagatctcagtatagcaatcctactttcgaggtatctttaactacaacaggtgggtctggggaatcttcagcaactgatcatatttttatagagggtcactcaggaggtgaagttataggagaagaaattcctttaagacagttttcactatctacatctacacgtagtgtacaagaaacagagtttcttactagcactcctagacctgatgtagaagtagaaagtaccaggcattactataatagaagattgcaacaagttcaggtatttgatgaagcttttataaataggcccaaatcattagtaacttttgataatcctgcatatacggattctgttgatttaatattcgaccaagatataatagatgttgcaaaagctgctcctcatgaagcttttaaagatctagtcactttatctaggccttatttctctagaactgaccaaggtttgagaattagtagatttggtcagcatgggagtataaagaccagaagtggacttgtcatagggccacaaacacactattattatgatgtttcagcaatttctccagaatctattgaattaacgccattaaacaactccttagtaggagaacaaagtggtgaatcagttatttctactggcagtgattttgatgtagttagcttaaatgggtctttacaagcttattctgatagtgagttgttagatgtttatgagccagttggcactgatttgcagctgataattggggaaaggcggaatgtgcgaccggtatcggtcttaaattctattaagccgttgccaggactctttggagattataatggtgttcttgtaatccatccaacagaacatgattcagagtctgacttttatcccatttatcctgaagacaccccagtcattgttctagattggcagcagagcaacgatttttttctgcatccgtctttaatcaaaaaaaaaaggcgcaaaagatctgcagcatttttttaa,MQRNRKRRAAPSDIYPACKLSNTCPPDIVNKFEHNTLADKILKYGSAGVFLGSLGIGTGRGGAGTTFGEYVPLGTGSGVRVGTRVTAIRPTVPISSIGPGESIPVDAVNPLGPAIIPLREFPIAVEEPAVILPPKFPSIVEDELPLITEAETSFTSPPSTIPVQTPKITTDDGAAILEVIPETRPPKILTRSQYSNPTFEVSLTTTGGSGESSATDHIFIEGHSGGEVIGEEIPLRQFSLSTSTRSVQETEFLTSTPRPDVEVESTRHYYNRRLQQVQVFDEAFINRPKSLVTFDNPAYTDSVDLIFDQDIIDVAKAAPHEAFKDLVTLSRPYFSRTDQGLRISRFGQHGSIKTRSGLVIGPQTHYYYDVSAISPESIELTPLNNSLVGEQSGESVISTGSDFDVVSLNGSLQAYSDSELLDVYEPVGTDLQLIIGERRNVRPVSVLNSIKPLPGLFGDYNGVLVIHPTEHDSESDFYPIYPEDTPVIVLDWQQSNDFFLHPSLIKKKRRKRSAAFF*
AmPV4REF,E7,902..1183,atgattgggaaacaagcgacgctttgcgacatagtgctgacagagcaagctgaggcagttgacctgctttgttatgaacaaatgccttctgacgaggaggaggagcaagaacatcgcgatttctacagggtagctattgactgtgcaacctgtaaaaacaggttgcactttgtatgtgccgcaaacggagaagatattctgaagcttgaggaacttctcttcactctaggttttctctgttcgtcttgtgtaaagacgaatagattaaaccatggaggataa,MIGKQATLCDIVLTEQAEAVDLLCYEQMPSDEEEEQEHRDFYRVAIDCATCKNRLHFVCAANGEDILKLEELLFTLGFLCSSCVKTNRLNHGG*
AmPV4REF,L1,6503..7996,atggctgtgtggcttcctgcacaaaataaattttatctgccgcctcaaccaacaaccaaagtcttgaatacagatgactatattacacggacttctgtcttttaccatgccagctcagaacgccttcttacagttggtcatccttactatgaaataatcgatgaaaaaaaagcagttacagtgccaaaagtatctcctaatcaatatagagtatttaggctttttttgccagatcctaacaattttgcttttggagataaaactttgtttgatccagaaaaagaaagactagtttggggtgttagaggattgcagatagggagaggccaaccattaggtgtagccatttcaggaaatatactttttgatagaaatagtgatgttgaaaattcatctaaatttaatgagactgaagataatccagataatagagttaatttagcttttgatccaaagcaaactcaaatgttcatgttgggctgcaaacctgcaacaggagagcattggacctcagcaacctggtgtacaggggttcaacacatgaggggtgattgtcctcctattgaattaagaaatagcattatacaagatggtgatatggcagatataggatttggatgtttagactttaaagctttacaacaaaataaggctggtgttccattggacattgttgatcaaaaatgtaaatatccagattacataaaaatgtcaaatgacccttatggtgatgctttatttttttatgttagaagagaacaattgtatgcaaggcacatgctaaataagtctggccttcaagataaagaaggtgtacctgaagacttctatctaaaaagaacagatggtaaaaaaataggaacttccaactattttactactcctagtggttctttggtttcaagtgaagcacagctttttaataggccatattggattcaaagatcccaaggacaaaacaacggtatagcttgggaaaatcaattatttttaactgtaatggacaatactagaggaacaccatttagtattgtggtttccaaacaagagagtccagcttttccagcatccaatttttcatcttatttaagacatgttgaagagtatgaaattgcattaattttacagctttgcaaagtaaagttaactcctgaaaatttagcttttatacatacaatgaatccttcaattattgaagggtggcacctaaatgttatcccaccttctgcaactattgatgattcttacagattcataacatcacttgcaaccaaatgcccagataaagttcctacaaacgaaaaagttgatcagtatgcagattataaattttggaatattgacttaaaggataaattaactgaacaattagatcaaacaaatttgggtcgaaaatttttgtttcaaactggtgtactaaaacgtggtaaatctgtaagagttacttctggaactagaacaaggtctgtaaaacggaagcgaggaagtaaataa,MAVWLPAQNKFYLPPQPTTKVLNTDDYITRTSVFYHASSERLLTVGHPYYEIIDEKKAVTVPKVSPNQYRVFRLFLPDPNNFAFGDKTLFDPEKERLVWGVRGLQIGRGQPLGVAISGNILFDRNSDVENSSKFNETEDNPDNRVNLAFDPKQTQMFMLGCKPATGEHWTSATWCTGVQHMRGDCPPIELRNSIIQDGDMADIGFGCLDFKALQQNKAGVPLDIVDQKCKYPDYIKMSNDPYGDALFFYVRREQLYARHMLNKSGLQDKEGVPEDFYLKRTDGKKIGTSNYFTTPSGSLVSSEAQLFNRPYWIQRSQGQNNGIAWENQLFLTVMDNTRGTPFSIVVSKQESPAFPASNFSSYLRHVEEYEIALILQLCKVKLTPENLAFIHTMNPSIIEGWHLNVIPPSATIDDSYRFITSLATKCPDKVPTNEKVDQYADYKFWNIDLKDKLTEQLDQTNLGRKFLFQTGVLKRGKSVRVTSGTRTRSVKRKRGSK*
AmPV4REF,E1,1173..2963,atggaggataaaggtactgtcagtacaaatgaagatttgaatgattgggtgtttgtggaagcagagtgtagcgatgtagatgaatcgtttgaagagctatttgataaaagttctacgagtgatctttcagattttgtagaccatgcagctgtcagtgattgccaggggatttccctacaactatttcgacagcaggagtttgcagaaacagaggagcaattgatgcacctaaaacgaaagtatattcacagtcccgagcagaaggctgtagtagatttgagtccgcggttagagtctataagcttgtctccgcggcgaggaaaaaaggcgaaaaagcagctatttgggacaaaagacagtgatgaagttgacaatactgttacacaaaggctatcagaggtagatgtgcgtgttcggggtgaaaatggtgtggaagcattgcttagtagtaagaatcagcgtgcatttgcttatgctaaatttaaagcgaattttgggattagtttctcagagctagtacgaaattttaaatgtgataagacatgtagcttagactgggtggtatgtggattatatttgaatgactctagagcagaagctgcaaaaactgtattacaagattactgtaattatatttattttgcacaaatgggtagttgtactttaatgttgttaaattttaagactcagaaatgtagagaaacgttactaaagcttttaaaaacgctgctaaaactagagacatgtcaaatattagcagagccacctagggctcgaagtgctgcttgtgcattatattggtataatagaggcttagctaatggcgcctttacatttggaagtttgcctgattggatagctaagcaaactttactaagtcatcatttagcaagtgaaaagccatttgatttatctactatgatacagtgggcatatgataatgaagcgtttgaagaaagtgagatagcatatcagtatgcattgcaagcagaaactgatgaaaatgcagcagcatttcttaattcaaacaatcaagcaaaacatgtaaaagactgtgctactatgtgcagatattatagaaaagcagaaatgcagcgtatgacaatgtcagattggatatttaaaatgagtaaagggtttgaagattcagaaagctggaaagagattgtgaagtttttgagatatcagtgtattgaatttatatctttcttagcagtttttaaaaggtttttaagaggagtaccaaaaaaaaattgtttagttatttggggaccacccaatactggaaagtctatgttttgtatgtcattgttaagttttttgaaaggaaaagtaatatcatatgttaacagtaaaagtcagttttggttgcagcctctttcagatgccaaaataggtttgctagatgatgcaactaagccatgctgggactactttgatatatttatgagaaatgctttagatggaaacactattagtatagattgtaaacataaggcacctttgcaactaaaatgccctcccttactaattactactaatataaatcttatgggagacgagaggtggaagtatcttcgcagtagagtttcttgcttctgctttgctactgaatttcctttaaaagaggatggggcacccggctatactttaaatgacaaaagttgggcctctttctttaaaaggttctggaaacatttagaattaagtgatcaagaagaagagggggaagatggagactctcaacgagctcttagactatgtacaagatcaactcctcatactgtatga,MEDKGTVSTNEDLNDWVFVEAECSDVDESFEELFDKSSTSDLSDFVDHAAVSDCQGISLQLFRQQEFAETEEQLMHLKRKYIHSPEQKAVVDLSPRLESISLSPRRGKKAKKQLFGTKDSDEVDNTVTQRLSEVDVRVRGENGVEALLSSKNQRAFAYAKFKANFGISFSELVRNFKCDKTCSLDWVVCGLYLNDSRAEAAKTVLQDYCNYIYFAQMGSCTLMLLNFKTQKCRETLLKLLKTLLKLETCQILAEPPRARSAACALYWYNRGLANGAFTFGSLPDWIAKQTLLSHHLASEKPFDLSTMIQWAYDNEAFEESEIAYQYALQAETDENAAAFLNSNNQAKHVKDCATMCRYYRKAEMQRMTMSDWIFKMSKGFEDSESWKEIVKFLRYQCIEFISFLAVFKRFLRGVPKKNCLVIWGPPNTGKSMFCMSLLSFLKGKVISYVNSKSQFWLQPLSDAKIGLLDDATKPCWDYFDIFMRNALDGNTISIDCKHKAPLQLKCPPLLITTNINLMGDERWKYLRSRVSCFCFATEFPLKEDGAPGYTLNDKSWASFFKRFWKHLELSDQEEEGEDGDSQRALRLCTRSTPHTV*
AmPV4REF,E6,486..899,atggctcgaccgacatcggtaaaaggtctggcggctctaacaggggttccccttgttgattttcttttaccttgccacttttgcaaacgcttcttgactaacattgaaaaacttaggtttgatgaatcgcctctgcgacttctttggagagaagggtgtgcttttgggtgttgcctcgcatgcataagactttgcagcaaaatagaacgatcctgccataagaaaaaacataccaactgtagaaagattaaagagaagtttggtaaagaaattctggaagttggaattaggtgtagtgcttgctacaaaaggttgcattctcgggaaatacaaaaaagtgcaaataatcaaagattgtttgaggtcaggggaaaggtcagaggattttgtgatctttgttatttgtggacataa,MARPTSVKGLAALTGVPLVDFLLPCHFCKRFLTNIEKLRFDESPLRLLWREGCAFGCCLACIRLCSKIERSCHKKKHTNCRKIKEKFGKEILEVGIRCSACYKRLHSREIQKSANNQRLFEVRGKVRGFCDLCYLWT*
AmPV4REF,URR,1..485,tgtaaatacttaatgtaaatactaattataataaactggtgtatgactattacttgttgggtgtctctgtccaatttaaactgaccaatagtatacatagaacaagatatacccgcgcgcgggagattagaccgcacccggtctttggcacacacgtctagaatctttgccaagaacttgaaggatcttgcctgtttattcaaccgattgagtgaagaaaccgtttccgattttggattatcgcccggaggttggcaccgattttggcatcagctttggcaccagcttgtctagactacgcgaccgttatcggtcctctcattgttcactgtaccggaggcggttttgtgtactgaaaggtatgtagagatgattgttggcaacaatcattggaaaaagaagtgcctagtttgaacaagaaccgattgcggttatttgtttctgaaaggttataaaagacctcaaacgtggaaatggggtacaga
AmPV4REF,E1BS,370..390,tgattgttggcaacaatcat
AmPV4REF,E2BS,131..143,accgcacccggt
AmPV4REF,E2BS,421..433,accgattgcggt
AmPV4REF,E2BS,303..315,accgttatcggt
AmPV4REF,E2BS,333..345,accggaggcggt
AmPV4REF,E8^E2,join(1534..1571+3504..4047),atgaagttgacaatactgttacacaaaggctatcagagctcatttcgatcatcatctgggggtgaatccgagcaccccacctcatcggggctatcctccagacattcaacccccaggaaaaaaattcactctcctggacgaagaaccagacgatataggcggcgagcctcgccctgcgtctcgaggggacggagagaaagagaatcgccgcccaaggaacaccctgcaagacgcttactaccaccgtctccaggagaagttggaggatgccatcacacatctcaagcaggagctggaggaagacttgagcgacttgtgcaagaagctcgggatccaccacttcttgttttaggaggaaatcctaattcattaaaatgtttacgttttagattacgtaaggggtatggggggttatttgatacagtgagcacaacttggcaatggactaatgtgagggatccgaaggttaaccatcgcatgctggtagcatttacggacacacaacaaagagaacaatttttactgaaggttccattgcctaagtctgtgtcacatttttttgggtcatttaatgggttatag,MKLTILLHKGYQSSFRSSSGGESEHPTSSGLSSRHSTPRKKIHSPGRRTRRYRRRASPCVSRGRRERESPPKEHPARRLLPPSPGEVGGCHHTSQAGAGGRLERLVQEARDPPLLVLGGNPNSLKCLRFRLRKGYGGLFDTVSTTWQWTNVRDPKVNHRMLVAFTDTQQREQFLLKVPLPKSVSHFFGSFNGL*
AmPV4REF,E1^E4,join(1173..1185+3504..3817),atggaggataaagctcatttcgatcatcatctgggggtgaatccgagcaccccacctcatcggggctatcctccagacattcaacccccaggaaaaaaattcactctcctggacgaagaaccagacgatataggcggcgagcctcgccctgcgtctcgaggggacggagagaaagagaatcgccgcccaaggaacaccctgcaagacgcttactaccaccgtctccaggagaagttggaggatgccatcacacatctcaagcaggagctggaggaagacttgagcgacttgtgcaagaagctcgggatccaccacttcttgttttag,MEDKAHFDHHLGVNPSTPPHRGYPPDIQPPGKKFTLLDEEPDDIGGEPRPASRGDGEKENRRPRNTLQDAYYHRLQEKLEDAITHLKQELEEDLSDLCKKLGIHHFLF*
