HPV11REF,CG,,tatatgtgtgtcagtgtgttgtgttatttatatgttgttgtagtgtgtatatgtttcttgtattgtgtatatgtgtatatgtttgtgtatatgtgtatgttatgtatgttatgttgttatgtatgtttgtgtgtttagtgtgtgtatatatttgtggaatgtgtatgtatgtttttgtgcaataaacaattattatgtgtgtcctgttacacccagtgactaagttgtgttttgcacgcgccgtttgtgttgccttcatattatattatatatatttgtaatatacctatactatgttacccccccccacttgcaaccgttttcggttgcccttacatacacttacctcaaatttgttataacgtgttttgtactaatcccatatgttgtgtgccaaggtacatattgccctgccaagtatcttgccaacaacacacctggccagggcgcggtattgcatgactaatgtacaataaacctgtcggtttgtacaatgttgtggattgcagccaaaggttaaaagcatttttggcttctagctgaacatttttgtacccttagtatattatgcacaatacccacaaaatgagtaacctaaggtcacacacctgcaaccggtttcggttacccacaccctacatatttccttcttatacttaataacaatcttagtttaaaaaagaggagggaccgaaaacggttcaaccgaaaacggttatatataaaccagcccaaaaaattagcagacgaggcattatggaaagtaaagatgcctccacgtctgcaacatctatagaccagttgtgcaagacgtttaatctttctttgcacactctgcaaattcagtgcgtgttttgcaggaatgcactgaccaccgcagagatatatgcatatgcctataagaacctaaaggttgtgtggcgagacaactttccctttgcagcgtgtgcctgttgcttagaactgcaagggaaaattaaccaatatagacactttaattatgctgcatatgcacctacagtagaagaagaaaccaatgaagatattttaaaagtgttaattcgttgttacctgtgtcacaagccgttgtgtgaaatagaaaaactaaagcacatattgggaaaggcacgcttcataaaactaaataaccagtggaagggtcgttgcttacactgctggacaacatgcatggaagacttgttaccctaaaggatatagtactagacctgcagcctcctgaccctgtagggttacattgctatgagcaattagaagacagctcagaagatgaggtggacaaggtggacaaacaagacgcacaacctttaacacaacattaccaaatactgacctgttgctgtggatgtgacagcaacgtccgactggttgtggagtgcacagacggagacatcagacaactacaagaccttttgctgggcacactaaatattgtgtgtcccatctgcgcaccaaaaccataacaaggatggcggacgattcaggtacagaaaatgaggggtcggggtgtacaggatggtttatggtagaagccatagtagagcacactacaggtacacaaatatcagaagatgaggaagaggaggtggaggacagtgggtatgacatggtggactttattgatgacaggcatattacacaaaattctgtggaagcacaggcattgtttaataggcaggaggcggatgctcattatgcgactgtgcaggacctaaaacgaaagtatttaggcagtccatatgtaagtcctataagcaatgtagctaatgcagtagaaagtgagataagtccacggttagacgccattaaacttacaacacagccaaaaaaggtaaagcgacggctgtttgaaacacgggaattaacggacagtggatatggctattctgaagtggaagctgcaacgcaggtagagaaacatggcgacccggaaaatgggggagatggtcaggaaagggacacagggagggacatagagggtgagggggtggaacatagagaggcggaagcagtagacgacagcacccgagagcatgcagacacatcaggaatattagaattactaaaatgtaaggatatacgatctacattacatggtaagtttaaagactgctttgggctgtcatttgttgatttaattaggccatttaaaagtgatagaaccacatgtgccgattgggtggttgcaggatttggtatacatcatagcatagcagatgcatttcaaaagttaattgagccattaagtttatatgcacatatacaatggcttacaaatgcatggggaatggtactattagtattaataaggtttaaagtaaataagagcagatgtaccgtggcacgtacattaggtacgttattaaatatacctgaaaatcacatgttaattgagcctcctaaaatacaaagtggcgtacgagccctgtattggtttaggacaggcatttcaaatgcaagtacagttataggggaggcgccggaatggataacgcgccagaccgttattgaacatagtttggctgacagtcaatttaaattaactgaaatggtgcagtgggcatatgataatgatatttgtgaagaaagtgagatagcatttgaatatgcacagcgtggagactttgactccaatgcaagggcctttttaaatagtaatatgcaggctaaatatgtaaaagattgtgcaattatgtgcagacattataaacatgcagaaatgaaaaagatgtctattaaacaatggattaagtataggggtactaaagttgacagtgtaggtaactggaagccaattgtgcagtttctaagacatcaaaacatagaatttattccatttttaagcaaactaaaattatggctgcacggaacgcccaaaaaaaattgtatagccattgtagggccacctgacactgggaagtcgtgcttttgcatgagtttaattaagtttttggggggaacagttattagttatgttaattcctgcagccatttctggctacagccactaacggatgcaaaagtggcattattggatgatgccacacaaccatgttggacatatatggatacatatatgagaaacctattagatggtaatcctatgagcatagatagaaaacatagagcattaacattaattaagtgtccaccgctactggttacatcaaatatagacattagcaaagaggagaaatacaaatatttacatagtagagttaccacatttacatttccaaatccattcccctttgacagaaatgggaatgcagtatatgaactatcagatgcaaactggaaatgtttctttgaaagactgtcgtccagcctagacattgaggattcagaggacgaggaagatggaagcaatagccaagcgtttagatgcgtgccaggatcagttgttagaactttatgaagaaaacagtattgatatacacaaacacattatgcattggaaatgcatacgattggaaagtgtattactacacaaagcaaaacaaatgggcctgagccacatcgggttacaagtagtaccaccattaactgtgtcagagactaaaggacataatgctattgaaatgcaaatgcatttagaatccttagcaaaaactcagtatggtgtggaaccttggacattacaggacaccagttatgaaatgtggctaacaccacccaaacggtgctttaaaaaacagggaaatactgtggaggtaaaatttgatggctgtgaagacaatgtaatggagtatgtggtatggacacatatatacctgcaggacaacgactcatgggtaaaagtaactagttccgtagatgccaagggcatatattatacatgtggacaatttaaaacatattatgtaaattttaataaagaggcacaaaagtatggtagtaccaatcattgggaagtatgttatggcagcacagttatatgttctcctgcatctgtatctagcactgtacgagaagtatccattgctgaacctactacatacacccccgcacagaccaccgcccctacagtgtccgcctgcaccacggaagacggcgtgtcggcgccgcctaggaagcgagcacgtggaccgtccactaacaacaccctgtgtgtggccaacatcagatccgtggacagtacaatcaacaacatcgtcactgacaattacaacaagcaccaaagaaggaacaactgtcacagtgcagctacgcctatagtgcaactgcaaggtgattccaattgtttaaaatgttttagatatagactgaatgacaaatataaacatttgtttgaattagcatcttcaacgtggcattgggcctcacctgaggcaccacataaaaatgcaattgtaacattaacatatagcagtgaggaacaacgtcagcaatttttaaacagtgtaaaaataccacccaccattaggcataaggtggggtttatgtcattacatttattgtaaccattacacctgtatatatgtatatgtgtacataacatacgtgtatggaggtagtgcctgtacaaattgctgcagcaacaactacaacattgatattgcctgttgttattgcatttgcagtatgtattcttagtattgtacttataatattaatatctgattttgtagtatatacatctgtgctggtactaacacttcttttatatttgcttttgtggcttttattaacaacccctttgcaattctttttactaacactgtgtgtgtgctattttcctgccttttatatacacatatacattgtgcaaacgcaacaataatggtgatgttaacctgtcacttaaatgatggtgatacatggttgtttctgtggttgtttactgcatttgttgtagctgtacttggattgttgttactacattacagggctgtacatggtactgaaaaaactaaatgtgctaagtgtaaatcaaaccgcaatactactgtggattatgtgtatatgtcacatggtgataatggagattatgtgtacatgaactagagtaaaccttttttatacagtgtgtggtgtacgttagttatatataatgaaacctagggcacgcagacgtaaacgtgcgtcagccacacaactatatcaaacatgcaaggccactggtacatgtcccccagatgtaattcctaaagttgaacatactactattgcagatcaaatattaaaatggggaagcttaggggttttttttggtgggttaggtattggtacaggggctggtagtggcggtcgtgcagggtatatacccttgggaagctctcccaagcctgctattactggggggccagcagcacgtccgccagtgcttgtggagcctgttgccccttccgatccctccattgtgtccttaattgaggagtctgctattattaatgctggtgcacctgaggtggtaccccctacacagggtggctttactataacatcatctgaatcgactacacctgctattttagatgtgtctgttaccaatcacactaccactagtgtgtttcaaaatcccctgtttacagaaccgtctgtaatacagccccaaccacctgtggaggccagtggtcacatacttatatctgccccaacaataacatcccaacatgtagaagacattccactagacacttttgttgtatcctctagtgatagtggacctacatccagtactcctcttcctcgtgcttttcctcggcctcgggtgggtttgtatagtcgtgccttacagcaggtacaggttacggaccccgcgtttttgtccacgccacagcgattggtaacttatgacaaccctgtctatgaaggagaagatgtaagtttacaatttacccatgagtctatccacaatgcacctgatgaagcatttatggatattattagactacatagaccagctataacgtccagacggggtcttgtgcgttttagtcgcattgggcaacgggggtccatgtacacacgcagtggacaacatataggtgcccgcatacattattttcaggacatttcaccagttacacaagctgcagaggaaatagaactgcaccctctagtggctgcagaaaatgacacgtttgatatttatgctgaaccatttgaccctatccctgaccctgtccaacattctgttacacagtcttatcttacctccacacctaataccctttcacaatcgtggggtaataccacagtcccattgtcaatccctagtgactggtttgtgcagtctgggcctgacataacttttcctactgcatctatgggaacaccctttagtcctgtaactcctgctttacctacaggccctgtttttattacaggttctgacttctatttgcatcctacatggtactttgcacgcagacgccgtaaacgtattcccttattttttacagatgtggcggcctagcgacagcacagtatatgtgcctcctcccaaccctgtatccaaggttgttgccacggatgcgtatgttaaacgcaccaacatattttatcatgccagcagttctagactccttgctgtgggacatccatattactctatcaaaaaagttaacaaaacagttgtaccaaaggtgtctggatatcaatatagagtgtttaaggtagtgttgccagatcctaacaagtttgcattacctgattcatccctgtttgaccccactacacagcgtttagtatgggcgtgcacagggttggaggtaggcaggggtcaacctttaggcgttggtgttagtgggcatccattgctaaacaaatatgatgatgtagaaaatagtggtgggtatggtggtaatcctggtcaggataatagggttaatgtaggtatggattataaacaaacccagctatgtatggtgggctgtgctccaccgttaggtgaacattggggtaagggtacacaatgttcaaatacctctgtacaaaatggtgactgccccccgttggaacttattaccagtgttatacaggatggggacatggttgatacaggctttggtgctatgaattttgcagacttacaaaccaataaatcggatgttccccttgatatttgtggaactgtctgcaaatatcctgattatttgcaaatggctgcagacccttatggtgataggttgtttttttatttgcgaaaggaacaaatgtttgctagacacttttttaatagggccggtactgtgggggaacctgtgcctgatgacctgttggtaaaagggggtaataacagatcatctgtagctagtagtatttatgtacatacacctagtggctcattggtgtcttcagaggctcaattatttaataaaccatattggcttcaaaaggctcagggacataacaatggtatttgctggggaaaccacttgtttgttactgtggtagataccacacgcagtacaaatatgacactatgtgcatctgtgtctaaatctgctacatacactaattcagattataaggaatacatgcgccatgtggaggagtttgatttacagtttatttttcaattgtgtagcattacattatctgcagaagtcatggcctatatacacacaatgaatccttctgttttggaggactggaactttggtttatcgcctccaccaaatggtacactggaggatacttatagatatgtacagtcacaggccattacctgtcagaaacccacacctgaaaaagaaaaacaggatccctataaggatatgagtttttgggaggttaacttaaaagaaaagttttcaagtgaattagatcagtttccccttggacgtaagtttttattgcaaagtggatatcgaggacggacgtctgctcgtacaggtataaagcgcccagctgtgtctaagccctctacagcccccaaacgaaaacgtaccaaaaccaaaaagtaa
HPV11REF,E1,1487..3436,atggcggacgattcaggtacagaaaatgaggggtcggggtgtacaggatggtttatggtagaagccatagtagagcacactacaggtacacaaatatcagaagatgaggaagaggaggtggaggacagtgggtatgacatggtggactttattgatgacaggcatattacacaaaattctgtggaagcacaggcattgtttaataggcaggaggcggatgctcattatgcgactgtgcaggacctaaaacgaaagtatttaggcagtccatatgtaagtcctataagcaatgtagctaatgcagtagaaagtgagataagtccacggttagacgccattaaacttacaacacagccaaaaaaggtaaagcgacggctgtttgaaacacgggaattaacggacagtggatatggctattctgaagtggaagctgcaacgcaggtagagaaacatggcgacccggaaaatgggggagatggtcaggaaagggacacagggagggacatagagggtgagggggtggaacatagagaggcggaagcagtagacgacagcacccgagagcatgcagacacatcaggaatattagaattactaaaatgtaaggatatacgatctacattacatggtaagtttaaagactgctttgggctgtcatttgttgatttaattaggccatttaaaagtgatagaaccacatgtgccgattgggtggttgcaggatttggtatacatcatagcatagcagatgcatttcaaaagttaattgagccattaagtttatatgcacatatacaatggcttacaaatgcatggggaatggtactattagtattaataaggtttaaagtaaataagagcagatgtaccgtggcacgtacattaggtacgttattaaatatacctgaaaatcacatgttaattgagcctcctaaaatacaaagtggcgtacgagccctgtattggtttaggacaggcatttcaaatgcaagtacagttataggggaggcgccggaatggataacgcgccagaccgttattgaacatagtttggctgacagtcaatttaaattaactgaaatggtgcagtgggcatatgataatgatatttgtgaagaaagtgagatagcatttgaatatgcacagcgtggagactttgactccaatgcaagggcctttttaaatagtaatatgcaggctaaatatgtaaaagattgtgcaattatgtgcagacattataaacatgcagaaatgaaaaagatgtctattaaacaatggattaagtataggggtactaaagttgacagtgtaggtaactggaagccaattgtgcagtttctaagacatcaaaacatagaatttattccatttttaagcaaactaaaattatggctgcacggaacgcccaaaaaaaattgtatagccattgtagggccacctgacactgggaagtcgtgcttttgcatgagtttaattaagtttttggggggaacagttattagttatgttaattcctgcagccatttctggctacagccactaacggatgcaaaagtggcattattggatgatgccacacaaccatgttggacatatatggatacatatatgagaaacctattagatggtaatcctatgagcatagatagaaaacatagagcattaacattaattaagtgtccaccgctactggttacatcaaatatagacattagcaaagaggagaaatacaaatatttacatagtagagttaccacatttacatttccaaatccattcccctttgacagaaatgggaatgcagtatatgaactatcagatgcaaactggaaatgtttctttgaaagactgtcgtccagcctagacattgaggattcagaggacgaggaagatggaagcaatagccaagcgtttagatgcgtgccaggatcagttgttagaactttatga,MADDSGTENEGSGCTGWFMVEAIVEHTTGTQISEDEEEEVEDSGYDMVDFIDDRHITQNSVEAQALFNRQEADAHYATVQDLKRKYLGSPYVSPISNVANAVESEISPRLDAIKLTTQPKKVKRRLFETRELTDSGYGYSEVEAATQVEKHGDPENGGDGQERDTGRDIEGEGVEHREAEAVDDSTREHADTSGILELLKCKDIRSTLHGKFKDCFGLSFVDLIRPFKSDRTTCADWVVAGFGIHHSIADAFQKLIEPLSLYAHIQWLTNAWGMVLLVLIRFKVNKSRCTVARTLGTLLNIPENHMLIEPPKIQSGVRALYWFRTGISNASTVIGEAPEWITRQTVIEHSLADSQFKLTEMVQWAYDNDICEESEIAFEYAQRGDFDSNARAFLNSNMQAKYVKDCAIMCRHYKHAEMKKMSIKQWIKYRGTKVDSVGNWKPIVQFLRHQNIEFIPFLSKLKLWLHGTPKKNCIAIVGPPDTGKSCFCMSLIKFLGGTVISYVNSCSHFWLQPLTDAKVALLDDATQPCWTYMDTYMRNLLDGNPMSIDRKHRALTLIKCPPLLVTSNIDISKEEKYKYLHSRVTTFTFPNPFPFDRNGNAVYELSDANWKCFFERLSSSLDIEDSEDEEDGSNSQAFRCVPGSVVRTL*
HPV11REF,L2,5072..6439,atgaaacctagggcacgcagacgtaaacgtgcgtcagccacacaactatatcaaacatgcaaggccactggtacatgtcccccagatgtaattcctaaagttgaacatactactattgcagatcaaatattaaaatggggaagcttaggggttttttttggtgggttaggtattggtacaggggctggtagtggcggtcgtgcagggtatatacccttgggaagctctcccaagcctgctattactggggggccagcagcacgtccgccagtgcttgtggagcctgttgccccttccgatccctccattgtgtccttaattgaggagtctgctattattaatgctggtgcacctgaggtggtaccccctacacagggtggctttactataacatcatctgaatcgactacacctgctattttagatgtgtctgttaccaatcacactaccactagtgtgtttcaaaatcccctgtttacagaaccgtctgtaatacagccccaaccacctgtggaggccagtggtcacatacttatatctgccccaacaataacatcccaacatgtagaagacattccactagacacttttgttgtatcctctagtgatagtggacctacatccagtactcctcttcctcgtgcttttcctcggcctcgggtgggtttgtatagtcgtgccttacagcaggtacaggttacggaccccgcgtttttgtccacgccacagcgattggtaacttatgacaaccctgtctatgaaggagaagatgtaagtttacaatttacccatgagtctatccacaatgcacctgatgaagcatttatggatattattagactacatagaccagctataacgtccagacggggtcttgtgcgttttagtcgcattgggcaacgggggtccatgtacacacgcagtggacaacatataggtgcccgcatacattattttcaggacatttcaccagttacacaagctgcagaggaaatagaactgcaccctctagtggctgcagaaaatgacacgtttgatatttatgctgaaccatttgaccctatccctgaccctgtccaacattctgttacacagtcttatcttacctccacacctaataccctttcacaatcgtggggtaataccacagtcccattgtcaatccctagtgactggtttgtgcagtctgggcctgacataacttttcctactgcatctatgggaacaccctttagtcctgtaactcctgctttacctacaggccctgtttttattacaggttctgacttctatttgcatcctacatggtactttgcacgcagacgccgtaaacgtattcccttattttttacagatgtggcggcctag,MKPRARRRKRASATQLYQTCKATGTCPPDVIPKVEHTTIADQILKWGSLGVFFGGLGIGTGAGSGGRAGYIPLGSSPKPAITGGPAARPPVLVEPVAPSDPSIVSLIEESAIINAGAPEVVPPTQGGFTITSSESTTPAILDVSVTNHTTTSVFQNPLFTEPSVIQPQPPVEASGHILISAPTITSQHVEDIPLDTFVVSSSDSGPTSSTPLPRAFPRPRVGLYSRALQQVQVTDPAFLSTPQRLVTYDNPVYEGEDVSLQFTHESIHNAPDEAFMDIIRLHRPAITSRRGLVRFSRIGQRGSMYTRSGQHIGARIHYFQDISPVTQAAEEIELHPLVAAENDTFDIYAEPFDPIPDPVQHSVTQSYLTSTPNTLSQSWGNTTVPLSIPSDWFVQSGPDITFPTASMGTPFSPVTPALPTGPVFITGSDFYLHPTWYFARRRRKRIPLFFTDVAA*
HPV11REF,E7,1185..1481,atgcatggaagacttgttaccctaaaggatatagtactagacctgcagcctcctgaccctgtagggttacattgctatgagcaattagaagacagctcagaagatgaggtggacaaggtggacaaacaagacgcacaacctttaacacaacattaccaaatactgacctgttgctgtggatgtgacagcaacgtccgactggttgtggagtgcacagacggagacatcagacaactacaagaccttttgctgggcacactaaatattgtgtgtcccatctgcgcaccaaaaccataa,MHGRLVTLKDIVLDLQPPDPVGLHCYEQLEDSSEDEVDKVDKQDAQPLTQHYQILTCCCGCDSNVRLVVECTDGDIRQLQDLLLGTLNIVCPICAPKP*
HPV11REF,E2,3378..4481,atggaagcaatagccaagcgtttagatgcgtgccaggatcagttgttagaactttatgaagaaaacagtattgatatacacaaacacattatgcattggaaatgcatacgattggaaagtgtattactacacaaagcaaaacaaatgggcctgagccacatcgggttacaagtagtaccaccattaactgtgtcagagactaaaggacataatgctattgaaatgcaaatgcatttagaatccttagcaaaaactcagtatggtgtggaaccttggacattacaggacaccagttatgaaatgtggctaacaccacccaaacggtgctttaaaaaacagggaaatactgtggaggtaaaatttgatggctgtgaagacaatgtaatggagtatgtggtatggacacatatatacctgcaggacaacgactcatgggtaaaagtaactagttccgtagatgccaagggcatatattatacatgtggacaatttaaaacatattatgtaaattttaataaagaggcacaaaagtatggtagtaccaatcattgggaagtatgttatggcagcacagttatatgttctcctgcatctgtatctagcactgtacgagaagtatccattgctgaacctactacatacacccccgcacagaccaccgcccctacagtgtccgcctgcaccacggaagacggcgtgtcggcgccgcctaggaagcgagcacgtggaccgtccactaacaacaccctgtgtgtggccaacatcagatccgtggacagtacaatcaacaacatcgtcactgacaattacaacaagcaccaaagaaggaacaactgtcacagtgcagctacgcctatagtgcaactgcaaggtgattccaattgtttaaaatgttttagatatagactgaatgacaaatataaacatttgtttgaattagcatcttcaacgtggcattgggcctcacctgaggcaccacataaaaatgcaattgtaacattaacatatagcagtgaggaacaacgtcagcaatttttaaacagtgtaaaaataccacccaccattaggcataaggtggggtttatgtcattacatttattgtaa,MEAIAKRLDACQDQLLELYEENSIDIHKHIMHWKCIRLESVLLHKAKQMGLSHIGLQVVPPLTVSETKGHNAIEMQMHLESLAKTQYGVEPWTLQDTSYEMWLTPPKRCFKKQGNTVEVKFDGCEDNVMEYVVWTHIYLQDNDSWVKVTSSVDAKGIYYTCGQFKTYYVNFNKEAQKYGSTNHWEVCYGSTVICSPASVSSTVREVSIAEPTTYTPAQTTAPTVSACTTEDGVSAPPRKRARGPSTNNTLCVANIRSVDSTINNIVTDNYNKHQRRNNCHSAATPIVQLQGDSNCLKCFRYRLNDKYKHLFELASSTWHWASPEAPHKNAIVTLTYSSEEQRQQFLNSVKIPPTIRHKVGFMSLHLL*
HPV11REF,L1,6426..7931,atgtggcggcctagcgacagcacagtatatgtgcctcctcccaaccctgtatccaaggttgttgccacggatgcgtatgttaaacgcaccaacatattttatcatgccagcagttctagactccttgctgtgggacatccatattactctatcaaaaaagttaacaaaacagttgtaccaaaggtgtctggatatcaatatagagtgtttaaggtagtgttgccagatcctaacaagtttgcattacctgattcatccctgtttgaccccactacacagcgtttagtatgggcgtgcacagggttggaggtaggcaggggtcaacctttaggcgttggtgttagtgggcatccattgctaaacaaatatgatgatgtagaaaatagtggtgggtatggtggtaatcctggtcaggataatagggttaatgtaggtatggattataaacaaacccagctatgtatggtgggctgtgctccaccgttaggtgaacattggggtaagggtacacaatgttcaaatacctctgtacaaaatggtgactgccccccgttggaacttattaccagtgttatacaggatggggacatggttgatacaggctttggtgctatgaattttgcagacttacaaaccaataaatcggatgttccccttgatatttgtggaactgtctgcaaatatcctgattatttgcaaatggctgcagacccttatggtgataggttgtttttttatttgcgaaaggaacaaatgtttgctagacacttttttaatagggccggtactgtgggggaacctgtgcctgatgacctgttggtaaaagggggtaataacagatcatctgtagctagtagtatttatgtacatacacctagtggctcattggtgtcttcagaggctcaattatttaataaaccatattggcttcaaaaggctcagggacataacaatggtatttgctggggaaaccacttgtttgttactgtggtagataccacacgcagtacaaatatgacactatgtgcatctgtgtctaaatctgctacatacactaattcagattataaggaatacatgcgccatgtggaggagtttgatttacagtttatttttcaattgtgtagcattacattatctgcagaagtcatggcctatatacacacaatgaatccttctgttttggaggactggaactttggtttatcgcctccaccaaatggtacactggaggatacttatagatatgtacagtcacaggccattacctgtcagaaacccacacctgaaaaagaaaaacaggatccctataaggatatgagtttttgggaggttaacttaaaagaaaagttttcaagtgaattagatcagtttccccttggacgtaagtttttattgcaaagtggatatcgaggacggacgtctgctcgtacaggtataaagcgcccagctgtgtctaagccctctacagcccccaaacgaaaacgtaccaaaaccaaaaagtaa,MWRPSDSTVYVPPPNPVSKVVATDAYVKRTNIFYHASSSRLLAVGHPYYSIKKVNKTVVPKVSGYQYRVFKVVLPDPNKFALPDSSLFDPTTQRLVWACTGLEVGRGQPLGVGVSGHPLLNKYDDVENSGGYGGNPGQDNRVNVGMDYKQTQLCMVGCAPPLGEHWGKGTQCSNTSVQNGDCPPLELITSVIQDGDMVDTGFGAMNFADLQTNKSDVPLDICGTVCKYPDYLQMAADPYGDRLFFYLRKEQMFARHFFNRAGTVGEPVPDDLLVKGGNNRSSVASSIYVHTPSGSLVSSEAQLFNKPYWLQKAQGHNNGICWGNHLFVTVVDTTRSTNMTLCASVSKSATYTNSDYKEYMRHVEEFDLQFIFQLCSITLSAEVMAYIHTMNPSVLEDWNFGLSPPPNGTLEDTYRYVQSQAITCQKPTPEKEKQDPYKDMSFWEVNLKEKFSSELDQFPLGRKFLLQSGYRGRTSARTGIKRPAVSKPSTAPKRKRTKTKK*
HPV11REF,E5_DELTA,4801..5025,atggtgatgttaacctgtcacttaaatgatggtgatacatggttgtttctgtggttgtttactgcatttgttgtagctgtacttggattgttgttactacattacagggctgtacatggtactgaaaaaactaaatgtgctaagtgtaaatcaaaccgcaatactactgtggattatgtgtatatgtcacatggtgataatggagattatgtgtacatgaactag,MVMLTCHLNDGDTWLFLWLFTAFVVAVLGLLLLHYRAVHGTEKTKCAKCKSNRNTTVDYVYMSHGDNGDYVYMN*
HPV11REF,E5_GAMMA,4526..4801,atggaggtagtgcctgtacaaattgctgcagcaacaactacaacattgatattgcctgttgttattgcatttgcagtatgtattcttagtattgtacttataatattaatatctgattttgtagtatatacatctgtgctggtactaacacttcttttatatttgcttttgtggcttttattaacaacccctttgcaattctttttactaacactgtgtgtgtgctattttcctgccttttatatacacatatacattgtgcaaacgcaacaataa,MEVVPVQIAAATTTTLILPVVIAFAVCILSIVLIILISDFVVYTSVLVLTLLLYLLLWLLLTTPLQFFLLTLCVCYFPAFYIHIYIVQTQQ*
HPV11REF,E5_EPSILON,4526..4801,atggaggtagtgcctgtacaaattgctgcagcaacaactacaacattgatattgcctgttgttattgcatttgcagtatgtattcttagtattgtacttataatattaatatctgattttgtagtatatacatctgtgctggtactaacacttcttttatatttgcttttgtggcttttattaacaacccctttgcaattctttttactaacactgtgtgtgtgctattttcctgccttttatatacacatatacattgtgcaaacgcaacaataa,MEVVPVQIAAATTTTLILPVVIAFAVCILSIVLIILISDFVVYTSVLVLTLLLYLLLWLLLTTPLQFFLLTLCVCYFPAFYIHIYIVQTQQ*
HPV11REF,E6,757..1209,atggaaagtaaagatgcctccacgtctgcaacatctatagaccagttgtgcaagacgtttaatctttctttgcacactctgcaaattcagtgcgtgttttgcaggaatgcactgaccaccgcagagatatatgcatatgcctataagaacctaaaggttgtgtggcgagacaactttccctttgcagcgtgtgcctgttgcttagaactgcaagggaaaattaaccaatatagacactttaattatgctgcatatgcacctacagtagaagaagaaaccaatgaagatattttaaaagtgttaattcgttgttacctgtgtcacaagccgttgtgtgaaatagaaaaactaaagcacatattgggaaaggcacgcttcataaaactaaataaccagtggaagggtcgttgcttacactgctggacaacatgcatggaagacttgttaccctaa,MESKDASTSATSIDQLCKTFNLSLHTLQIQCVFCRNALTTAEIYAYAYKNLKVVWRDNFPFAACACCLELQGKINQYRHFNYAAYAPTVEEETNEDILKVLIRCYLCHKPLCEIEKLKHILGKARFIKLNNQWKGRCLHCWTTCMEDLLP*
HPV11REF,URR,1..756,tatatgtgtgtcagtgtgttgtgttatttatatgttgttgtagtgtgtatatgtttcttgtattgtgtatatgtgtatatgtttgtgtatatgtgtatgttatgtatgttatgttgttatgtatgtttgtgtgtttagtgtgtgtatatatttgtggaatgtgtatgtatgtttttgtgcaataaacaattattatgtgtgtcctgttacacccagtgactaagttgtgttttgcacgcgccgtttgtgttgccttcatattatattatatatatttgtaatatacctatactatgttacccccccccacttgcaaccgttttcggttgcccttacatacacttacctcaaatttgttataacgtgttttgtactaatcccatatgttgtgtgccaaggtacatattgccctgccaagtatcttgccaacaacacacctggccagggcgcggtattgcatgactaatgtacaataaacctgtcggtttgtacaatgttgtggattgcagccaaaggttaaaagcatttttggcttctagctgaacatttttgtacccttagtatattatgcacaatacccacaaaatgagtaacctaaggtcacacacctgcaaccggtttcggttacccacaccctacatatttccttcttatacttaataacaatcttagtttaaaaaagaggagggaccgaaaacggttcaaccgaaaacggttatatataaaccagcccaaaaaattagcagacgaggcatt
HPV11REF,E1BS,650..670,ttatacttaataacaatctt
HPV11REF,E2BS,690..702,accgaaaacggt
HPV11REF,E2BS,316..328,accgttttcggt
HPV11REF,E2BS,705..717,accgaaaacggt
HPV11REF,E2BS,614..626,accggtttcggt
HPV11REF,E8^E2,join(1896..1927+3980..4481),atggctattctgaagtggaagctgcaacgcagcactgtacgagaagtatccattgctgaacctactacatacacccccgcacagaccaccgcccctacagtgtccgcctgcaccacggaagacggcgtgtcggcgccgcctaggaagcgagcacgtggaccgtccactaacaacaccctgtgtgtggccaacatcagatccgtggacagtacaatcaacaacatcgtcactgacaattacaacaagcaccaaagaaggaacaactgtcacagtgcagctacgcctatagtgcaactgcaaggtgattccaattgtttaaaatgttttagatatagactgaatgacaaatataaacatttgtttgaattagcatcttcaacgtggcattgggcctcacctgaggcaccacataaaaatgcaattgtaacattaacatatagcagtgaggaacaacgtcagcaatttttaaacagtgtaaaaataccacccaccattaggcataaggtggggtttatgtcattacatttattgtaa,MAILKWKLQRSTVREVSIAEPTTYTPAQTTAPTVSACTTEDGVSAPPRKRARGPSTNNTLCVANIRSVDSTINNIVTDNYNKHQRRNNCHSAATPIVQLQGDSNCLKCFRYRLNDKYKHLFELASSTWHWASPEAPHKNAIVTLTYSSEEQRQQFLNSVKIPPTIRHKVGFMSLHLL*
HPV11REF,E1^E4,join(1487..1502+3980..4236),atggcggacgattcagcactgtacgagaagtatccattgctgaacctactacatacacccccgcacagaccaccgcccctacagtgtccgcctgcaccacggaagacggcgtgtcggcgccgcctaggaagcgagcacgtggaccgtccactaacaacaccctgtgtgtggccaacatcagatccgtggacagtacaatcaacaacatcgtcactgacaattacaacaagcaccaaagaaggaacaactgtcacagtgcagctacgcctatag,MADDSALYEKYPLLNLLHTPPHRPPPLQCPPAPRKTACRRRLGSEHVDRPLTTPCVWPTSDPWTVQSTTSSLTITTSTKEGTTVTVQLRL*
